word,is_identifier_percent,is_operationally_significant_percent,is_common_word_percent,target_is_identifier,target_is_operationally_significant,target_is_common_word
001Version,0.7191,0.4933,0.1599,0,0,0.7
A,,,,0,0,0
AARs,0.4038,0.5629,0.0756,0.7154,0.9059,0.1
abandon,0.0106,0.0696,0.782,0,0,0.7
ability,0.0181,0.1476,0.5719,0,0,0.7
able,0.0318,0.0465,0.5438,0,0,0.7
about,0.0193,0.0385,0.6708,0,0,0.7
above,0.0447,0.0732,0.5955,0,0,0.7
absolute,0.0501,0.3039,0.386,0,0,0.7
absorb,0.0147,0.3195,0.5109,0,0,0.7
absorbs,0.0274,0.2143,0.5222,0,0,0.7
accelerate,0.0159,0.0871,0.3577,0,0,0.7
accelerates,0.012,0.0766,0.6254,0,0,0.7
acceleration,0.0213,0.1108,0.494,0,0,0.7
Accept,0.0223,0.0537,0.2868,0,0,0.7
acceptable,0.0232,0.1576,0.6635,0,0,0.7
acceptance,0.0477,0.2731,0.5676,0,0,0.7
accepting,0.0296,0.141,0.3279,0,0,0.7
access,0.0348,0.4653,0.4503,0,0,0.7
accessible,0.0354,0.2309,0.3578,0,0,0.7
accidental,0.0179,0.1086,0.4672,0,0,0.7
according,0.0165,0.0294,0.6307,0,0,0.7
Account,0.1053,0.3496,0.484,0,0,0.7
accounts,0.1513,0.3742,0.5688,0,0,0.7
accumulate,0.0216,0.1697,0.422,0,0,0.7
Accumulated,0.0478,0.1259,0.5085,0,0,0.7
accumulates,0.0174,0.0429,0.6225,0,0,0.7
accumulation,0.028,0.1221,0.2613,0,0,0.7
accurately,0.0304,0.0494,0.4373,0,0,0.7
accustomed,0.0153,0.0235,0.6883,0,0,0.7
achieved,0.0631,0.2419,0.4326,0,0,0.7
acknowledged,0.0135,0.0247,0.5799,0,0,0.7
acquired,0.0189,0.1963,0.6352,0,0,0.7
across,0.0248,0.2328,0.6584,0,0,0.7
Act,0.0713,0.4182,0.6215,0,0,0.7
acting,0.0208,0.2291,0.6352,0,0,0.7
Action,0.045,0.173,0.6125,0,0,0.7
Actions,0.1186,0.3555,0.4638,0,0,0.7
Activate,0.0687,0.2912,0.3681,0,0,0.7
activated,0.0435,0.4651,0.3793,0,0,0.7
activating,0.0174,0.2817,0.3882,0,0,0.7
Activation,0.0619,0.3235,0.416,0,0,0.7
Activation48,,,,0,0,0.7
Activation50,,,,0,0,0.7
Active,0.1103,0.423,0.3967,0,0,0.7
actively,0.023,0.1576,0.4745,0,0,0.7
activities,0.1411,0.2857,0.4915,0,0,0.7
activity,0.0713,0.1795,0.6055,0,0,0.7
actual,0.0207,0.0441,0.5863,0,0,0.7
Actually,0.0215,0.0205,0.6466,0,0,0.7
ad,0.0636,0.2798,0.3835,0,0,0.7
adapt,0.0172,0.4988,0.4993,0,0,0.7
adaptability,0.0245,0.1146,0.2771,0,0,0.7
adaptation,0.0299,0.4823,0.609,0,0,0.7
adaptations,0.0566,0.4113,0.3751,0,0,0.7
Adapted,0.0551,0.2362,0.57,0,0,0.7
adapting,0.0245,0.5388,0.5353,0,0,0.7
Adapts,0.0186,0.2285,0.3496,0,0,0.7
add,0.0217,0.0502,0.6884,0,0,0.7
Additional,0.0382,0.3681,0.6447,0,0,0.7
addressed,0.0181,0.086,0.6703,0,0,0.7
addresses,0.0874,0.1436,0.4578,0,0,0.7
adds,0.0306,0.0555,0.4858,0,0,0.7
adequate,0.0133,0.028,0.5054,0,0,0.7
Adherence,0.024,0.3605,0.2975,0,0,0.7
adjacent,0.0227,0.0696,0.4592,0,0,0.7
adjust,0.016,0.1154,0.6482,0,0,0.7
Admin,0.246,0.2898,0.3052,0,0,0.7
administration,0.0722,0.1607,0.5196,0,0,0.7
administrator,0.0669,0.2254,0.226,0,0,0.7
admins,0.1191,0.4346,0.1914,0,0,0.7
adopt,0.018,0.1393,0.4436,0,0,0.7
Advantage,0.0541,0.2218,0.4633,0,0,0.7
advantages,0.0622,0.2942,0.5496,0,0,0.7
adversarial,0.2086,0.7987,0.1052,0,0,0.7
adversary,0.1424,0.7562,0.1981,0,0,0.7
advised,0.0129,0.0268,0.5441,0,0,0.7
AETHER,0.5918,0.3644,0.0507,0.808,0.87,0
affect,0.0204,0.1773,0.6243,0,0,0.7
affected,0.051,0.1868,0.4134,0,0,0.7
affects,0.0122,0.2445,0.6863,0,0,0.7
afford,0.0272,0.3026,0.7025,0,0,0.7
After,0.0207,0.0547,0.7501,0,0,0.7
afterthought,0.0208,0.0232,0.3114,0,0,0.7
Again,0.0225,0.0432,0.5285,0,0,0.7
against,0.0395,0.1766,0.4585,0,0,0.7
age,0.0183,0.0526,0.4806,0,0,0.7
Agent,0.2286,0.2062,0.4114,0,0,0.7
AGENTIC,0.2838,0.4448,0.043,0,0,0.7
Agents,0.2675,0.3342,0.4281,0,0,0.7
Agile,0.3917,0.3246,0.483,0,0,0.7
agility,0.0374,0.5673,0.5713,0,0,0.7
agree,0.0149,0.0297,0.4521,0,0,0.7
agreement,0.0268,0.0367,0.461,0,0,0.7
agreements,0.022,0.3623,0.656,0,0,0.7
Ah,0.0635,0.0242,0.4113,0,0,0.7
ahead,0.023,0.0518,0.4507,0,0,0.7
AI,0.3137,0.5667,0.1171,0,0,0.7
AI48,0.7339,0.4039,0.0659,0,0,0.7
alertness,0.0304,0.0903,0.5122,0,0,0.7
align,0.0403,0.1794,0.5276,0,0,0.7
aligned,0.0208,0.1427,0.6147,0,0,0.7
Alignment,0.137,0.3597,0.5744,0,0,0.7
Aligns,0.0458,0.1224,0.5227,0,0,0.7
All,0.0285,0.0663,0.6982,0,0,0.7
Allocate,0.0289,0.2233,0.3784,0,0,0.7
allows,0.022,0.0477,0.6749,0,0,0.7
almost,0.0204,0.0225,0.4625,0,0,0.7
alone,0.0118,0.0175,0.5927,0,0,0.7
already,0.0164,0.0567,0.6807,0,0,0.7
also,0.0189,0.04,0.7281,0,0,0.7
alter,0.0234,0.185,0.6689,0,0,0.7
Alternate,0.0759,0.1283,0.5319,0,0,0.7
Alternative,0.0498,0.123,0.6883,0,0,0.7
alternatives,0.0484,0.2056,0.4877,0,0,0.7
Alumni,0.3682,0.049,0.5296,0,0,0.7
Always,0.0152,0.1181,0.5942,0,0,0.7
am,0.1421,0.1668,0.4523,0,0,0.7
AMBER,0.199,0.078,0.3846,0,0,0.7
ambiguity,0.0312,0.236,0.2498,0,0,0.7
ambiguous,0.0601,0.0584,0.3035,0,0,0.7
amend,0.0332,0.3005,0.5428,0,0,0.7
amount,0.0269,0.0391,0.7033,0,0,0.7
amplifies,0.0188,0.1795,0.2859,0,0,0.7
amplify,0.0739,0.2909,0.2886,0,0,0.7
an,,,,0,0,0.7
Analysis,0.0319,0.1861,0.5284,0,0,0.7
Analysis36,,,,0,0,0.7
analytical,0.0269,0.3261,0.2761,0,0,0.7
anchor,0.3194,0.3521,0.2843,0,0,0.7
and,,,,0,0,0.7
Android,0.6344,0.2176,0.0736,0,0,0.7
Annex,0.367,0.1913,0.3436,0,0,0.7
annual,0.0545,0.3277,0.4984,0,0,0.7
another,0.0188,0.0351,0.5067,0,0,0.7
Answer,0.0605,0.116,0.3905,0,0,0.7
answers,0.0969,0.111,0.4089,0,0,0.7
Anti,0.0833,0.3564,0.2701,0,0,0.7
anticipates,0.0135,0.063,0.3726,0,0,0.7
Antidote,0.1114,0.1845,0.329,0,0,0.7
Antidote54,,,,0,0,0.7
any,0.0654,0.1148,0.4189,0,0,0.7
anyone,0.0394,0.0248,0.4101,0,0,0.7
anything,0.0488,0.0272,0.6071,0,0,0.7
API,0.2828,0.6242,0.1326,0,0,0.7
APIs,0.2499,0.5108,0.0853,0,0,0.7
app,0.0851,0.1268,0.4937,0,0,0.7
Apparent,0.0174,0.0266,0.5982,0,0,0.7
appearing,0.0153,0.0809,0.6021,0,0,0.7
appears,0.0144,0.0264,0.7628,0,0,0.7
applicable,0.0798,0.2658,0.3672,0,0,0.7
Application,0.2483,0.44,0.3809,0,0,0.7
applications,0.0885,0.308,0.4077,0,0,0.7
Applied,0.1485,0.3641,0.5604,0,0,0.7
applies,0.0428,0.205,0.439,0,0,0.7
Apply,0.0551,0.2225,0.6305,0,0,0.7
Applying,0.0216,0.2522,0.6127,0,0,0.7
approach,0.0179,0.0793,0.4475,0,0,0.7
approaches,0.0167,0.156,0.6967,0,0,0.7
Approaching,0.0263,0.2706,0.4655,0,0,0.7
appropriate,0.0167,0.2437,0.3783,0,0,0.7
approval,0.0737,0.2778,0.5931,0,0,0.7
ApprovalAuthor,0.3747,0.3653,0.167,0,0,0.7
approvals,0.0847,0.1933,0.5506,0,0,0.7
approve,0.0287,0.2238,0.3293,0,0,0.7
approved,0.0414,0.2473,0.5025,0,0,0.7
approximately,0.017,0.0207,0.7712,0,0,0.7
Apps,0.2919,0.2581,0.4269,0,0,0.7
Apps58,,,,0,0,0.7
arc,0.2737,0.3937,0.2912,0,0,0.7
archetypes,0.1253,0.1719,0.2425,0,0,0.7
architectural,0.0839,0.6058,0.3457,0,0,0.7
Architecture,0.1279,0.3512,0.5506,0,0,0.7
archive,0.0526,0.1712,0.5297,0,0,0.7
Are,,,,0,0,0.7
area,0.0337,0.0995,0.6383,0,0,0.7
areas,0.0571,0.1236,0.3461,0,0,0.7
arises,0.0308,0.1094,0.308,0,0,0.7
around,0.0509,0.0965,0.5785,0,0,0.7
Arrange,0.0291,0.1383,0.5451,0,0,0.7
arrive,0.015,0.1466,0.6774,0,0,0.7
arrives,0.0205,0.1156,0.6631,0,0,0.7
artefacts,0.1138,0.2811,0.2115,0,0,0.7
articulate,0.0142,0.0222,0.6558,0,0,0.7
artifact,0.1076,0.3335,0.2581,0,0,0.7
artifacts,0.0789,0.4203,0.3495,0,0,0.7
as,,,,0,0,0.7
ask,0.0132,0.0391,0.6395,0,0,0.7
asking,0.0159,0.0362,0.6115,0,0,0.7
Assemble,0.045,0.3195,0.3589,0,0,0.7
assembled,0.0288,0.3057,0.5811,0,0,0.7
assembling,0.0507,0.4647,0.4477,0,0,0.7
assessed,0.026,0.1461,0.5102,0,0,0.7
assessing,0.0252,0.2077,0.4313,0,0,0.7
Assign,0.0295,0.2246,0.5517,0,0,0.7
assigned,0.063,0.2661,0.4667,0,0,0.7
assignment,0.0797,0.1563,0.5892,0,0,0.7
Assignment50,,,,0,0,0.7
assistance,0.0477,0.1744,0.5045,0,0,0.7
assistant,0.0903,0.0865,0.3805,0,0,0.7
assume,0.0233,0.0839,0.692,0,0,0.7
assumed,0.0384,0.0627,0.4096,0,0,0.7
assumes,0.0307,0.1713,0.7013,0,0,0.7
assuming,0.0198,0.028,0.7249,0,0,0.7
assumption,0.0574,0.0673,0.4343,0,0,0.7
assumptions,0.0644,0.1037,0.6267,0,0,0.7
async,0.0937,0.2934,0.2023,0,0,0.7
at,,,,0,0,0.7
attach,0.0261,0.1406,0.6787,0,0,0.7
attack,0.0586,0.7929,0.3185,0,0,0.7
attacking,0.0659,0.7416,0.1763,0,0,0.7
attempting,0.0122,0.1705,0.554,0,0,0.7
attention,0.0204,0.0526,0.6005,0,0,0.7
attrition,0.0467,0.3432,0.4057,0,0,0.7
augment,0.0253,0.4552,0.2979,0,0,0.7
augmentation,0.0921,0.4823,0.3753,0,0,0.7
Augmented,0.1706,0.2946,0.3492,0,0,0.7
Author,0.048,0.0298,0.6591,0,0,0.7
authored,0.0179,0.0701,0.6788,0,0,0.7
authoritative,0.0915,0.4501,0.2602,0,0,0.7
Authority,0.1213,0.2644,0.3753,0,0,0.7
authorized,0.0287,0.3176,0.4884,0,0,0.7
authors,0.0626,0.0806,0.5578,0,0,0.7
auto,0.1112,0.2257,0.3956,0,0,0.7
automated,0.0799,0.5864,0.346,0,0,0.7
automatically,0.0236,0.0324,0.4755,0,0,0.7
automation,0.0991,0.6913,0.4398,0,0,0.7
autonomous,0.0955,0.2603,0.3508,0,0,0.7
autonomously,0.0487,0.341,0.3516,0,0,0.7
autonomy,0.1402,0.5713,0.4068,0,0,0.7
Availability,0.0617,0.2829,0.7206,0,0,0.7
available,0.0242,0.2621,0.6076,0,0,0.7
average,0.0305,0.0331,0.7278,0,0,0.7
AVOID,0.0163,0.0825,0.4541,0,0,0.7
aware,0.0478,0.1903,0.3408,0,0,0.7
awareness,0.0235,0.2509,0.423,0,0,0.7
axes,0.0477,0.3188,0.3093,0,0,0.7
axis,0.1864,0.3471,0.353,0,0,0.7
Azure,0.7802,0.359,0.0479,0,0,0.7
B,0.223,0.2851,0.4018,0,0,0.7
back,0.0198,0.1988,0.7318,0,0,0.7
BACKBRIEF,0.3496,0.2733,0.1288,0,0,0.7
backend,0.1664,0.4179,0.3133,0,0,0.7
backends,0.1686,0.3423,0.2054,0,0,0.7
backlog,0.1006,0.1692,0.4207,0,0,0.7
backward,0.0232,0.1467,0.6219,0,0,0.7
bake,0.0164,0.0321,0.5797,0,0,0.7
Baked,0.0161,0.1412,0.5473,0,0,0.7
bandwidth,0.0537,0.2743,0.2728,0,0,0.7
barrier,0.039,0.3908,0.3276,0,0,0.7
bars,0.0202,0.1129,0.5511,0,0,0.7
Base,0.0675,0.0571,0.4994,0,0,0.7
based,0.0839,0.1113,0.5651,0,0,0.7
Baseline,0.1175,0.2508,0.6379,0,0,0.7
Batch,0.0542,0.1435,0.5535,0,0,0.7
Battle,0.2114,0.6359,0.318,0,0,0.7
battlefield,0.1245,0.8352,0.2515,0,0,0.7
Be,,,,0,0,0.7
beat,0.0195,0.0467,0.6555,0,0,0.7
beats,0.0388,0.05,0.5594,0,0,0.7
because,0.015,0.0748,0.7533,0,0,0.7
become,0.0143,0.0556,0.6941,0,0,0.7
becomes,0.0103,0.0777,0.6496,0,0,0.7
been,,,,0,0,0.7
Before,0.0199,0.0492,0.7257,0,0,0.7
begin,0.0322,0.0652,0.5227,0,0,0.7
beginning,0.0252,0.0316,0.5289,0,0,0.7
begins,0.0215,0.1193,0.6909,0,0,0.7
behave,0.0129,0.0799,0.634,0,0,0.7
behaving,0.0146,0.0286,0.6826,0,0,0.7
Behavior,0.0469,0.1102,0.6311,0,0,0.7
behavioral,0.0418,0.1412,0.6004,0,0,0.7
behaviour,0.0404,0.203,0.3927,0,0,0.7
behind,0.022,0.043,0.6333,0,0,0.7
being,0.0303,0.0733,0.423,0,0,0.7
believe,0.0108,0.0128,0.7249,0,0,0.7
best,0.0235,0.0498,0.2734,0,0,0.7
better,0.013,0.0323,0.3279,0,0,0.7
Between,0.0171,0.0703,0.7401,0,0,0.7
beyond,0.0339,0.1777,0.5585,0,0,0.7
Bias,0.0824,0.0983,0.4543,0,0,0.7
binding,0.0628,0.2389,0.4231,0,0,0.7
biological,0.0387,0.0835,0.2697,0,0,0.7
Biweekly,0.1463,0.138,0.4794,0,0,0.7
Blind,0.0615,0.1249,0.2353,0,0,0.7
blindly,0.0142,0.1099,0.494,0,0,0.7
block,0.0401,0.1734,0.3753,0,0,0.7
blocker,0.1008,0.333,0.2544,0,0,0.7
Blocks,0.0617,0.2848,0.6185,0,0,0.7
blow,0.0223,0.2311,0.4383,0,0,0.7
Blue,0.1791,0.1747,0.5321,0,0,0.7
board,0.0671,0.2027,0.4242,0,0,0.7
boards,0.0809,0.0916,0.4281,0,0,0.7
boilerplate,0.0531,0.0748,0.2764,0,0,0.7
boost,0.0681,0.0637,0.4673,0,0,0.7
Bootstrap,0.1847,0.1523,0.3193,0,0,0.7
Bootstrapping,0.1709,0.4187,0.1935,0,0,0.7
both,0.0783,0.2547,0.5415,0,0,0.7
bottleneck,0.0568,0.2209,0.5243,0,0,0.7
bottlenecks,0.0437,0.3996,0.3233,0,0,0.7
boundaries,0.0556,0.5172,0.4786,0,0,0.7
boundary,0.1073,0.3985,0.3918,0,0,0.7
box,0.0933,0.1489,0.4458,0,0,0.7
brain,0.0246,0.0499,0.2797,0,0,0.7
brains,0.0425,0.0631,0.3528,0,0,0.7
breadth,0.0201,0.0481,0.5109,0,0,0.7
break,0.0142,0.2043,0.7281,0,0,0.7
breakdowns,0.0454,0.2746,0.4632,0,0,0.7
Breaks,0.0237,0.0761,0.736,0,0,0.7
brief,0.044,0.3255,0.6657,0,0,0.7
briefs,0.0448,0.1915,0.4144,0,0,0.7
Bring,0.0361,0.1958,0.6873,0,0,0.7
Broad,0.0206,0.0791,0.5382,0,0,0.7
broadband,0.1049,0.1965,0.2773,0,0,0.7
broadens,0.0141,0.093,0.5293,0,0,0.7
browser,0.1344,0.2355,0.354,0,0,0.7
Bug,0.0512,0.1352,0.2988,0,0,0.7
Build,0.0212,0.1636,0.5637,0,0,0.7
building,0.0315,0.0922,0.5112,0,0,0.7
builds,0.0288,0.2361,0.4758,0,0,0.7
Built,0.0333,0.1588,0.5273,0,0,0.7
burden,0.0142,0.104,0.6685,0,0,0.7
bureaucracy,0.1104,0.1422,0.2577,0,0,0.7
bureaucratic,0.0613,0.0885,0.1959,0,0,0.7
buries,0.0155,0.0787,0.547,0,0,0.7
burst,0.0248,0.3295,0.3226,0,0,0.7
Bursts,0.0409,0.0668,0.4258,0,0,0.7
Bursts57,,,,0,0,0.7
business,0.0888,0.1882,0.6719,0,0,0.7
but,,,,0,0,0.7
by,,,,0,0,0.7
BYO,0.4193,0.6176,0.0729,0,0,0.7
C,0.1593,0.1929,0.3421,0,0,0.7
C2,0.704,0.7676,0.0781,0.8215,0.8745,0.1053
cable,0.0817,0.3515,0.3315,0,0,0.7
cached,0.0324,0.2877,0.435,0,0,0.7
Cadence,0.6411,0.2311,0.2972,0,0,0.7
calendar,0.0517,0.0532,0.6801,0,0,0.7
calibration,0.0537,0.2534,0.3228,0,0,0.7
call,0.0339,0.1436,0.5969,0,0,0.7
called,0.0215,0.1128,0.4729,0,0,0.7
campaign,0.1134,0.4659,0.5032,0,0.85,0.3
Can,0.0411,0.0739,0.776,0,0,0.7
candidate,0.0925,0.0331,0.2387,0,0,0.7
Cannot,0.046,0.2171,0.3151,0,0,0.7
capabilities,0.0684,0.3296,0.4842,0,0,0.7
capability,0.0719,0.3726,0.3506,0,0,0.7
Capable,0.0461,0.2501,0.4125,0,0,0.7
capacity,0.0354,0.4139,0.6151,0,0,0.7
CAPACITY26,0.5235,0.3339,0.3172,0,0,0.7
CapDev,0.5347,0.3387,0.1248,0.5717,0.9369,0.0982
Capture,0.0376,0.2796,0.605,0,0,0.7
captured,0.0284,0.2795,0.5349,0,0,0.7
captures,0.0514,0.1628,0.4441,0,0,0.7
career,0.0572,0.199,0.6616,0,0,0.7
cares,0.0253,0.1197,0.5741,0,0,0.7
carries,0.022,0.0799,0.6702,0,0,0.7
cascading,0.0836,0.2985,0.2819,0,0,0.7
case,0.0336,0.1682,0.6236,0,0,0.7
cases,0.0686,0.3491,0.4124,0,0,0.7
catch,0.0227,0.1036,0.4015,0,0,0.7
catches,0.0284,0.178,0.5373,0,0,0.7
categorical,0.1383,0.1372,0.5744,0,0,0.7
Category,0.0863,0.0397,0.4647,0,0,0.7
cause,0.0207,0.2415,0.6102,0,0,0.7
caused,0.013,0.0529,0.72,0,0,0.7
causes,0.0256,0.0918,0.5295,0,0,0.7
Caveat,0.1008,0.2814,0.2162,0,0,0.7
Caveman,0.1483,0.0479,0.0796,0,0,0.7
CD,0.32,0.6311,0.2395,0,0,0.7
Cellphone,0.1834,0.1339,0.14,0,0,0.7
central,0.1978,0.2807,0.4325,0,0,0.7
centralization,0.0677,0.3564,0.4448,0,0,0.7
ceremonies,0.0426,0.2604,0.6442,0,0,0.7
Ceremony,0.1544,0.2444,0.5997,0,0,0.7
certainty,0.0181,0.0332,0.2327,0,0,0.7
Chain,0.1132,0.4226,0.6174,0,0,0.7
Chain28,,,,0,0,0.7
chains,0.136,0.3586,0.2979,0,0,0.7
challenges,0.0213,0.1397,0.6889,0,0,0.7
Change,0.0241,0.2682,0.7698,0,0,0.7
changed,0.0138,0.1412,0.5073,0,0,0.7
Changes,0.0405,0.305,0.707,0,0,0.7
changing,0.0131,0.1064,0.5144,0,0,0.7
chaos,0.0344,0.176,0.2925,0,0,0.7
Chapter,0.123,0.1638,0.7005,0,0,0.7
cheaper,0.0191,0.0341,0.6868,0,0,0.7
cheapest,0.0229,0.0397,0.659,0,0,0.7
cheaply,0.0189,0.0256,0.365,0,0,0.7
Check,0.0494,0.2464,0.6369,0,0,0.7
Check46,,,,0,0,0.7
checked,0.06,0.1379,0.3693,0,0,0.7
checking,0.0172,0.1594,0.5072,0,0,0.7
Checklist,0.169,0.2061,0.4341,0,0,0.7
Checklist44,,,,0,0,0.7
checks,0.0202,0.2992,0.3438,0,0,0.7
choice,0.0525,0.0483,0.2925,0,0,0.7
choices,0.1956,0.3333,0.2723,0,0,0.7
choose,0.0179,0.0668,0.5913,0,0,0.7
chooses,0.0169,0.1002,0.6143,0,0,0.7
choosing,0.0145,0.0604,0.4824,0,0,0.7
chronobiology,0.2265,0.1022,0.0838,0,0,0.7
Chronotypes,0.2097,0.0775,0.1149,0,0,0.7
Churn,0.1166,0.2798,0.4911,0,0,0.7
CI,0.3685,0.7058,0.1885,0,0,0.7
citizen,0.029,0.0511,0.4928,0,0,0.7
clarification,0.0331,0.0502,0.3938,0,0,0.7
clarify,0.0178,0.0554,0.3574,0,0,0.7
clarifying,0.0442,0.1485,0.3444,0,0,0.7
clarity,0.0328,0.0481,0.4252,0,0,0.7
class,0.0714,0.0737,0.3442,0,0,0.7
Classification,0.2324,0.2311,0.3168,0,0,0.7
classified,0.3192,0.2834,0.2748,0,0,0.7
Classify,0.059,0.251,0.3175,0,0,0.7
clean,0.0144,0.0741,0.5551,0,0,0.7
cleaner,0.0235,0.0422,0.6225,0,0,0.7
cleanly,0.0203,0.0328,0.3707,0,0,0.7
cleanup,0.0257,0.1633,0.4114,0,0,0.7
clear,0.0117,0.143,0.6058,0,0,0.7
clearance,0.0987,0.7165,0.2887,0,0,0.7
cleared,0.061,0.4488,0.4176,0,0,0.7
clearly,0.0143,0.0321,0.6479,0,0,0.7
click,0.015,0.0296,0.4698,0,0,0.7
Clickable,0.1279,0.0394,0.4223,0,0,0.7
clients,0.1482,0.158,0.4967,0,0,0.7
clock,0.0206,0.0321,0.7798,0,0,0.7
close,0.0123,0.0899,0.6571,0,0,0.7
CLOSED,0.1417,0.2562,0.3571,0,0,0.7
closer,0.0174,0.0529,0.453,0,0,0.7
closes,0.0162,0.2387,0.6524,0,0,0.7
Cloud,0.3254,0.5469,0.3357,0,0,0.7
CloudOps,0.6541,0.5109,0.024,0,0,0.7
coaching,0.0297,0.1705,0.3784,0,0,0.7
Code,0.1205,0.3377,0.441,0,0,0.7
codebases,0.1604,0.2166,0.3257,0,0,0.7
coded,0.1442,0.2755,0.203,0,0,0.7
CodeGraph,0.703,0.2291,0.0549,0,0,0.7
coding,0.0411,0.341,0.4647,0,0,0.7
cognition,0.0452,0.1172,0.2733,0,0,0.7
COGNITIVE,0.0313,0.3328,0.1552,0,0,0.7
Cohesion,0.0371,0.4412,0.365,0,0,0.7
cold,0.0148,0.0405,0.6318,0,0,0.7
collection,0.0658,0.1007,0.4742,0,0,0.7
collective,0.0835,0.23,0.5438,0,0,0.7
collisions,0.0601,0.4904,0.2605,0,0,0.7
collocated,0.1027,0.1594,0.4527,0,0,0.7
colocated,0.0761,0.2412,0.2652,0,0,0.7
Colonel,0.0235,0.7475,0.3157,0.8,0.8,0.1
combined,0.053,0.0985,0.4066,0,0,0.7
combines,0.0222,0.2318,0.6593,0,0,0.7
come,0.0161,0.0247,0.6459,0,0,0.7
comfortably,0.0189,0.0348,0.5073,0,0,0.7
Command,0.3561,0.4373,0.2121,0,0,0.7
Commander,0.0367,0.8115,0.4184,0.8,0.8,0.1
Commanders,0.1756,0.6734,0.1897,0.8,0.8,0.1
commanding,0.0463,0.5403,0.2729,0.1,0.8,0.1
commands,0.0867,0.4483,0.2947,0.1,0.8,0.1
Commercial,0.3149,0.2876,0.45,0,0,0.7
commit,0.0717,0.4095,0.4129,0,0,0.7
commitment,0.0174,0.1878,0.559,0,0,0.7
commitments,0.1095,0.3384,0.5005,0,0,0.7
committed,0.0296,0.2888,0.5921,0,0,0.7
committing,0.0284,0.2225,0.3292,0,0,0.7
common,0.0242,0.1016,0.708,0,0,0.7
communicate,0.0169,0.1228,0.5523,0,0,0.7
Communicates,0.0178,0.0398,0.5468,0,0,0.7
communicating,0.0196,0.1327,0.6601,0,0,0.7
Communication,0.0157,0.1008,0.714,0,0,0.7
Communications,0.3094,0.318,0.4568,0,0,0.7
compact,0.0414,0.075,0.475,0,0,0.7
Compaction,0.1,0.3978,0.2025,0,0,0.7
Companion,0.1733,0.0767,0.4132,0,0,0.7
comparative,0.1434,0.1922,0.3964,0,0,0.7
compared,0.0157,0.0277,0.6956,0,0,0.7
Competence,0.0345,0.2771,0.6994,0,0,0.7
Competence31,,,,0,0,0.7
competent,0.0159,0.0334,0.2792,0,0,0.7
competes,0.0141,0.2055,0.7278,0,0,0.7
compiled,0.0552,0.2225,0.333,0,0,0.7
compiles,0.0202,0.2732,0.4633,0,0,0.7
complement,0.0575,0.2512,0.4966,0,0,0.7
complete,0.0899,0.2155,0.5684,0,0,0.7
completed,0.0114,0.2049,0.5404,0,0,0.7
completion,0.0777,0.1802,0.5574,0,0,0.7
complex,0.0192,0.2401,0.3006,0,0,0.7
complexity,0.0155,0.1436,0.4829,0,0,0.7
compliance,0.0626,0.3896,0.4028,0,0,0.7
complication,0.0246,0.3222,0.3576,0,0,0.7
component,0.0594,0.2013,0.5147,0,0,0.7
components,0.0417,0.174,0.3899,0,0,0.7
compose,0.0392,0.1453,0.3754,0,0,0.7
Composition,0.0253,0.472,0.4784,0,0,0.7
composition48,,,,0,0,0.7
compound,0.0203,0.2097,0.3782,0,0,0.7
compounding,0.0784,0.3209,0.2608,0,0,0.7
compounds,0.0599,0.1618,0.2773,0,0,0.7
Compress,0.0396,0.2652,0.414,0,0,0.7
Compressed,0.0847,0.5525,0.4102,0,0,0.7
compresses,0.0173,0.2893,0.5131,0,0,0.7
compressing,0.0334,0.1815,0.2944,0,0,0.7
Compression,0.054,0.4641,0.286,0,0,0.7
computing,0.0759,0.3192,0.363,0,0,0.7
Concept,0.2005,0.4934,0.4241,0,0,0.7
concepts,0.038,0.1032,0.3349,0,0,0.7
concrete,0.0252,0.0968,0.3245,0,0,0.7
concurrent,0.0656,0.3085,0.2876,0,0,0.7
concurrently,0.0446,0.2538,0.249,0,0,0.7
condition,0.0194,0.0766,0.4005,0,0,0.7
conditions,0.0339,0.3442,0.552,0,0,0.7
ConfiCloud,0.8692,0.2702,0.0293,0,0,0.7
confidence,0.0958,0.1115,0.4167,0,0,0.7
confidently,0.0223,0.041,0.3531,0,0,0.7
config,0.1147,0.3224,0.3761,0,0,0.7
configs,0.1551,0.2565,0.2436,0,0,0.7
configurations,0.1303,0.1523,0.2576,0,0,0.7
configures,0.031,0.2427,0.4969,0,0,0.7
Confirm,0.0191,0.1675,0.3784,0,0,0.7
confirmed,0.0952,0.295,0.3657,0,0,0.7
conflict,0.0666,0.3166,0.3297,0,0,0.7
conformity,0.0226,0.0868,0.4616,0,0,0.7
confronted,0.0145,0.0957,0.5866,0,0,0.7
confusion,0.0304,0.0687,0.3022,0,0,0.7
connect,0.0188,0.2249,0.4785,0,0,0.7
connected,0.0206,0.0931,0.719,0,0,0.7
connecting,0.0131,0.1594,0.5108,0,0,0.7
Connectors,0.3344,0.2212,0.242,0,0,0.7
connects,0.0186,0.1182,0.6444,0,0,0.7
CONOPS,0.4305,0.645,0.1359,0.59,0.82,0.14
CONOPS54,0.809,0.6341,0.0976,0,0,0.7
CONOPS56,0.8313,0.6022,0.0755,0,0,0.7
conscious,0.0206,0.2156,0.4288,0,0,0.7
consciously,0.0196,0.052,0.4052,0,0,0.7
Consciousness,0.0753,0.1803,0.307,0,0,0.7
consensus,0.0439,0.2232,0.4381,0,0,0.7
consideration,0.017,0.04,0.3888,0,0,0.7
considerations,0.0617,0.0605,0.4214,0,0,0.7
considered,0.0176,0.1356,0.5727,0,0,0.7
consistency,0.0371,0.2738,0.4708,0,0,0.7
consistently,0.0149,0.0458,0.6595,0,0,0.7
Consolidate,0.0342,0.445,0.3718,0,0,0.7
consolidated,0.1488,0.15,0.33,0,0,0.7
consolidates,0.0177,0.1209,0.5883,0,0,0.7
consolidation,0.0442,0.4153,0.3513,0,0,0.7
constant,0.0515,0.0892,0.6513,0,0,0.7
constraint,0.0622,0.3811,0.4766,0,0,0.7
constraints,0.067,0.3681,0.5988,0,0,0.7
Constructed,0.1345,0.3049,0.2723,0,0,0.7
constructing,0.023,0.2126,0.6023,0,0,0.7
CONSTRUCTION,0.0853,0.3917,0.3684,0,0,0.7
CONSTRUCTION19,0.644,0.3971,0.3851,0,0,0.7
consultation,0.0319,0.1853,0.3766,0,0,0.7
consumers,0.0674,0.0359,0.6592,0,0,0.7
consumes,0.0286,0.1293,0.7587,0,0,0.7
contact,0.0204,0.4139,0.3913,0,0,0.7
contacts,0.0516,0.2342,0.6206,0,0,0.7
contain,0.0193,0.057,0.6615,0,0,0.7
contained,0.024,0.1317,0.5386,0,0,0.7
contemporary,0.0341,0.2813,0.4608,0,0,0.7
CONTENTS,0.0617,0.0332,0.4822,0,0,0.7
CONTENTS2,0.2169,0.0999,0.6605,0,0,0.7
contest,0.0262,0.2621,0.4688,0,0,0.7
Context,0.0749,0.085,0.6033,0,0,0.7
Context38,,,,0,0,0.7
continuation,0.0634,0.1289,0.5176,0,0,0.7
continue,0.0183,0.0926,0.644,0,0,0.7
continued,0.0248,0.1439,0.5825,0,0,0.7
continues,0.0173,0.0854,0.6126,0,0,0.7
continuing,0.0679,0.263,0.5036,0,0,0.7
continuous,0.057,0.2064,0.5827,0,0,0.7
continuously,0.0391,0.1813,0.3608,0,0,0.7
Contract,0.2537,0.3509,0.4627,0,0,0.7
Contract67,,,,0,0,0.7
contracts,0.0697,0.268,0.3593,0,0,0.7
contribute,0.0169,0.3514,0.7264,0,0,0.7
contributing,0.0133,0.3169,0.4216,0,0,0.7
Control,0.0821,0.1326,0.6171,0,0,0.7
controlled,0.1286,0.3577,0.5176,0,0,0.7
controls,0.0652,0.6437,0.4987,0,0,0.7
conventional,0.0323,0.043,0.7197,0,0,0.7
conventionally,0.0222,0.032,0.5646,0,0,0.7
conventions,0.0407,0.1269,0.4858,0,0,0.7
Convergent,0.0328,0.4231,0.2878,0,0,0.7
Converging,0.014,0.2686,0.3241,0,0,0.7
conversation,0.1072,0.1232,0.7013,0,0,0.7
conversion,0.0734,0.3739,0.5471,0,0,0.7
converts,0.0229,0.301,0.623,0,0,0.7
coordination,0.019,0.264,0.6786,0,0,0.7
Core,0.0407,0.1286,0.5118,0,0,0.7
Correct,0.0165,0.0457,0.3867,0,0,0.7
correcting,0.0163,0.0659,0.441,0,0,0.7
correction,0.0652,0.2016,0.4629,0,0,0.7
corrections,0.0382,0.0826,0.5908,0,0,0.7
correctness,0.0349,0.1241,0.408,0,0,0.7
Cost,0.0294,0.1189,0.6778,0,0,0.7
Cost67,,,,0,0,0.7
costly,0.0091,0.03,0.3446,0,0,0.7
Costs,0.0198,0.2174,0.5568,0,0,0.7
could,0.0139,0.063,0.7037,0,0,0.7
count,0.034,0.0401,0.5978,0,0,0.7
counter,0.0173,0.3949,0.6843,0,0,0.7
Countermeasure,0.0841,0.5576,0.3038,0,0,0.7
counters,0.0429,0.0913,0.5276,0,0,0.7
cover,0.0161,0.1457,0.5853,0,0,0.7
coverage,0.066,0.2825,0.4174,0,0,0.7
covers,0.043,0.2207,0.5998,0,0,0.7
crafted,0.0189,0.0583,0.5505,0,0,0.7
crafting,0.0208,0.1367,0.4318,0,0,0.7
crash,0.1749,0.6143,0.3709,0,0,0.7
create,0.0194,0.0881,0.5119,0,0,0.7
creates,0.0199,0.1227,0.5915,0,0,0.7
creating,0.0364,0.3449,0.3361,0,0,0.7
creation,0.0383,0.2246,0.3423,0,0,0.7
creative,0.0133,0.0456,0.423,0,0,0.7
creativity,0.0143,0.0424,0.4998,0,0,0.7
creep,0.0321,0.1829,0.3216,0,0,0.7
criteria,0.0554,0.1784,0.3191,0,0,0.7
Criterion,0.0702,0.1417,0.2705,0,0,0.7
critical,0.0225,0.4797,0.4002,0,0,0.7
cross,0.0333,0.3038,0.4058,0,0,0.7
crossing,0.0564,0.4139,0.3848,0,0,0.7
Cube,0.3949,0.3367,0.1997,0,0,0.7
Cultural,0.0519,0.1097,0.6899,0,0,0.7
culturally,0.0625,0.1396,0.2671,0,0,0.7
Culture,0.0662,0.1593,0.508,0,0,0.7
Cultures,0.0405,0.06,0.393,0,0,0.7
Cultures67,,,,0,0,0.7
curated,0.0588,0.0509,0.3824,0,0,0.7
current,0.0246,0.0254,0.5476,0,0,0.7
Currently,0.0192,0.022,0.4357,0,0,0.7
curve,0.0329,0.2018,0.3141,0,0,0.7
cycle,0.0544,0.3188,0.6611,0,0,0.7
cycles,0.0332,0.4117,0.6265,0,0,0.7
cyclical,0.0254,0.0834,0.5022,0,0,0.7
D,0.2315,0.2559,0.2899,0,0,0.7
Daily,0.0433,0.1761,0.703,0,0,0.7
damaging,0.0117,0.1616,0.314,0,0,0.7
dangerous,0.012,0.1404,0.3024,0,0,0.7
Daniel,0.9102,0.0296,0.1237,0.8,0,0.1
data,0.0677,0.3143,0.7317,0,0,0.7
database,0.0666,0.1543,0.5395,0,0,0.7
Dataverse,0.7902,0.3274,0.067,0,0,0.7
Date,0.0575,0.0413,0.5866,0,0,0.7
dates,0.0136,0.016,0.7838,0,0,0.7
day,0.0135,0.1589,0.8065,0,0,0.7
Days,0.0318,0.0567,0.6936,0,0,0.7
Deadline,0.0609,0.224,0.6792,0,0,0.7
Deadlines,0.0439,0.0962,0.8271,0,0,0.7
deadlocks,0.0955,0.3763,0.3103,0,0,0.7
debate,0.0128,0.1323,0.5048,0,0,0.7
debating,0.0159,0.177,0.4208,0,0,0.7
debrief,0.0265,0.3277,0.5637,0,0,0.7
debt,0.047,0.3332,0.6067,0,0,0.7
debuggers,0.0929,0.4826,0.1667,0,0,0.7
Decentralised,0.2513,0.6652,0.1446,0,0,0.7
decentralization,0.1271,0.4328,0.193,0,0,0.7
decentralized,0.1299,0.7038,0.4429,0,0,0.7
Decide,0.0202,0.2915,0.4446,0,0,0.7
decides,0.0115,0.0297,0.7525,0,0,0.7
Deciding,0.0278,0.0629,0.5071,0,0,0.7
Decision,0.0396,0.1693,0.6021,0,0,0.7
Decision66,,,,0,0,0.7
Decisions,0.0345,0.2281,0.5166,0,0,0.7
Decisions25,,,,0,0,0.7
Declare,0.0548,0.2512,0.322,0,0,0.7
declared,0.0209,0.0483,0.4033,0,0,0.7
decline,0.0272,0.0621,0.469,0,0,0.7
declines,0.0176,0.0555,0.5543,0,0,0.7
Declining,0.0213,0.0746,0.4118,0,0,0.7
decoded,0.0482,0.0785,0.4451,0,0,0.7
Decompose,0.0192,0.4044,0.3454,0,0,0.7
Decomposition,0.0531,0.2908,0.495,0,0,0.7
decompress,0.0191,0.1919,0.2981,0,0,0.7
decompression,0.0254,0.3821,0.2182,0,0,0.7
dedicated,0.0298,0.1779,0.4341,0,0,0.7
Deep,0.0948,0.1914,0.5662,0,0,0.7
deepen,0.0132,0.0917,0.3478,0,0,0.7
deepest,0.0542,0.1117,0.3251,0,0,0.7
deeply,0.0349,0.0507,0.3308,0,0,0.7
default,0.0699,0.1173,0.5846,0,0,0.7
defaults,0.0978,0.4516,0.4937,0,0,0.7
Defence,0.2712,0.7231,0.2638,0,0,0.7
defensible,0.0243,0.3858,0.3607,0,0,0.7
Defer,0.0231,0.2463,0.5264,0,0,0.7
deferred,0.0203,0.0778,0.5095,0,0,0.7
defers,0.0111,0.0889,0.5418,0,0,0.7
deficit,0.0546,0.3768,0.3411,0,0,0.7
Define,0.0149,0.0995,0.4062,0,0,0.7
defined,0.04,0.1008,0.5352,0,0,0.7
defines,0.0406,0.1951,0.5214,0,0,0.7
Definition,0.0248,0.0183,0.5647,0,0,0.7
Degradation,0.0483,0.3691,0.5856,0,0,0.7
Degradation30,,,,0,0,0.7
Degradation41,,,,0,0,0.7
degrade,0.0167,0.1032,0.3073,0,0,0.7
degraded,0.0391,0.1805,0.2828,0,0,0.7
degrades,0.0119,0.094,0.5703,0,0,0.7
degrading,0.0135,0.0499,0.2541,0,0,0.7
Delay,0.0141,0.2361,0.6178,0,0,0.7
Delayed,0.0404,0.2805,0.4881,0,0,0.7
delaying,0.0163,0.0803,0.4141,0,0,0.7
delays,0.0143,0.1689,0.6698,0,0,0.7
delegated,0.0326,0.4248,0.4487,0,0,0.7
delegation,0.0402,0.238,0.3893,0,0,0.7
deliberate,0.0097,0.1156,0.6252,0,0,0.7
deliberately,0.0346,0.1525,0.4155,0,0,0.7
deliver,0.0129,0.1681,0.5485,0,0,0.7
deliverables,0.0601,0.0875,0.5922,0,0,0.7
delivered,0.0216,0.1753,0.7404,0,0,0.7
delivering,0.0192,0.311,0.5208,0,0,0.7
delivery,0.0262,0.2073,0.6682,0,0,0.7
DELIVERY21,0.6047,0.4973,0.4894,0,0,0.7
demanding,0.0154,0.0565,0.3755,0,0,0.7
demands,0.0543,0.3597,0.6477,0,0,0.7
demo,0.0564,0.2732,0.5665,0,0,0.7
demobilisation,0.0591,0.674,0.1831,0,0,0.7
demobilization,0.0272,0.5837,0.2967,0,0,0.7
Demonstrate,0.0168,0.194,0.3937,0,0,0.7
demonstrated,0.0152,0.0964,0.5283,0,0,0.7
demonstrates,0.0158,0.1033,0.4719,0,0,0.7
denied,0.0803,0.1556,0.2944,0,0,0.7
denoted,0.0217,0.1036,0.4298,0,0,0.7
Dependabot,0.8349,0.6674,0.1024,0,0,0.7
dependencies,0.13,0.5704,0.2384,0,0,0.7
dependency,0.0329,0.1726,0.3441,0,0,0.7
Depends,0.0954,0.0675,0.426,0,0,0.7
Dependsabot,0.6593,0.2418,0.0492,0,0,0.7
deploy,0.0359,0.7176,0.6085,0,0,0.7
deployable,0.0999,0.401,0.3828,0,0,0.7
deployed,0.0472,0.2751,0.5194,0,0,0.7
deploying,0.0326,0.5287,0.4527,0,0,0.7
Deployment,0.1809,0.5553,0.5614,0,0,0.7
Deployment36,,,,0,0,0.7
deployments,0.2315,0.3539,0.211,0,0,0.7
deprioritizes,0.0349,0.1011,0.38,0,0,0.7
depth,0.0456,0.3923,0.5591,0,0,0.7
describe,0.0418,0.1914,0.4677,0,0,0.7
describing,0.0297,0.1749,0.3791,0,0,0.7
Description,0.0295,0.0585,0.5751,0,0,0.7
Design,0.0535,0.2363,0.6508,0,0,0.7
designed,0.0211,0.205,0.5846,0,0,0.7
designer,0.0521,0.0887,0.3106,0,0,0.7
designing,0.0274,0.2254,0.3646,0,0,0.7
designs,0.0446,0.2926,0.4212,0,0,0.7
desired,0.0486,0.144,0.4684,0,0,0.7
desk,0.0181,0.0416,0.6455,0,0,0.7
despite,0.0156,0.0579,0.7536,0,0,0.7
DETAIL,0.087,0.1371,0.4634,0,0,0.7
detailed,0.0446,0.0731,0.5107,0,0,0.7
details,0.0428,0.0422,0.2923,0,0,0.7
detect,0.0202,0.3633,0.2678,0,0,0.7
detects,0.0214,0.2297,0.2853,0,0,0.7
deteriorates,0.0138,0.1948,0.4484,0,0,0.7
determine,0.0173,0.1152,0.4449,0,0,0.7
determines,0.0166,0.0747,0.5187,0,0,0.7
Dev,0.323,0.2911,0.3066,0,0,0.7
Develop,0.0189,0.2777,0.5823,0,0,0.7
developed,0.0149,0.1605,0.6687,0,0,0.7
Developer,0.0196,0.1153,0.3876,0,0,0.7
developers,0.0486,0.1086,0.4949,0,0,0.7
Developing,0.0216,0.3164,0.368,0,0,0.7
Development,0.0644,0.2008,0.5439,0,0,0.7
develops,0.0245,0.0598,0.7716,0,0,0.7
Deviate,0.0312,0.3993,0.5322,0,0,0.7
deviation,0.0475,0.5652,0.3384,0,0,0.7
deviations,0.036,0.6159,0.5014,0,0,0.7
device,0.1212,0.2342,0.3112,0,0,0.7
DevOps,0.5216,0.7516,0.0825,0,0,0.7
devs,0.0873,0.0418,0.2607,0,0,0.7
DevSecOps,0.3922,0.8615,0.05,0,0,0.7
diagnose,0.0359,0.4691,0.3194,0,0,0.7
diagnosis,0.1008,0.1875,0.4465,0,0,0.7
Diamond,0.2606,0.1336,0.2935,0,0,0.7
did,0.0247,0.0204,0.6985,0,0,0.7
didn,0.0597,0.0394,0.3559,0,0,0.7
DIE,0.0446,0.0482,0.7088,0,0,0.7
dieting,0.0229,0.0283,0.7052,0,0,0.7
Different,0.0728,0.0542,0.5709,0,0,0.7
differentiates,0.0256,0.1187,0.3335,0,0,0.7
difficult,0.0087,0.0274,0.3499,0,0,0.7
Difficulty,0.0181,0.04,0.6565,0,0,0.7
Digital,0.1891,0.4412,0.3441,0,0,0.7
Dimension,0.0494,0.2237,0.375,0,0,0.7
dimensions,0.0265,0.151,0.5024,0,0,0.7
direct,0.0929,0.3836,0.568,0,0,0.7
direction,0.0293,0.182,0.7103,0,0,0.7
directly,0.0167,0.0716,0.6294,0,0,0.7
disagreements,0.0127,0.0785,0.8189,0,0,0.7
disappear,0.0147,0.1995,0.4652,0,0,0.7
disaster,0.1088,0.64,0.425,0,0,0.7
discard,0.0212,0.0426,0.4885,0,0,0.7
discarded,0.0269,0.0505,0.2691,0,0,0.7
discerning,0.0307,0.2087,0.2639,0,0,0.7
disciplinary,0.0887,0.2309,0.2423,0,0,0.7
discipline,0.0226,0.4737,0.5393,0,0,0.7
disclose,0.013,0.102,0.522,0,0,0.7
disclosures,0.082,0.1187,0.4412,0,0,0.7
discomfort,0.0108,0.0231,0.6365,0,0,0.7
Discover,0.027,0.3891,0.2549,0,0,0.7
discoverable,0.0344,0.4368,0.2155,0,0,0.7
discovery,0.0985,0.3169,0.2568,0,0,0.7
discretion,0.0324,0.1629,0.3732,0,0,0.7
Discussion,0.0208,0.1956,0.4903,0,0,0.7
disparate,0.0198,0.0514,0.2587,0,0,0.7
disposability,0.0268,0.2631,0.2474,0,0,0.7
Disposable,0.0209,0.0706,0.5684,0,0,0.7
disrupted,0.0393,0.5349,0.264,0,0,0.7
disruption,0.0775,0.2459,0.1836,0,0,0.7
disruptive,0.0878,0.3523,0.1464,0,0,0.7
disrupts,0.014,0.6371,0.5546,0,0,0.7
Distal,0.0238,0.083,0.3841,0,0,0.7
Distance,0.0395,0.0564,0.5015,0,0,0.7
distilling,0.033,0.227,0.291,0,0,0.7
distinct,0.0299,0.0696,0.3941,0,0,0.7
distinguish,0.0165,0.0724,0.34,0,0,0.7
distinguishing,0.0312,0.08,0.2044,0,0,0.7
distributed,0.1008,0.5516,0.4324,0,0,0.7
divergence,0.0323,0.244,0.1965,0,0,0.7
Divergent,0.023,0.2364,0.2182,0,0,0.7
diverse,0.0171,0.2177,0.3854,0,0,0.7
diversity,0.0321,0.1738,0.3451,0,0,0.7
divide,0.0528,0.1568,0.6139,0,0,0.7
Do,0.0514,0.0334,0.6866,0,0,0.7
DOCUMENT,0.0426,0.1373,0.5165,0,0,0.7
documentation,0.0315,0.1101,0.6203,0,0,0.7
documented,0.0255,0.2498,0.5985,0,0,0.7
documenting,0.0191,0.0397,0.3796,0,0,0.7
Does,0.0222,0.0318,0.6658,0,0,0.7
doesn,0.0429,0.0322,0.5023,0,0,0.7
Domain,0.245,0.4364,0.4698,0,0,0.7
domains,0.1015,0.558,0.3735,0,0,0.7
don,0.1777,0.1097,0.3508,0,0,0.7
Done,0.0295,0.0807,0.488,0,0,0.7
down,0.02,0.102,0.5247,0,0,0.7
downstream,0.0422,0.2385,0.5785,0,0,0.7
downtime,0.0194,0.1252,0.6872,0,0,0.7
draft,0.0314,0.0653,0.4387,0,0,0.7
draftEffective,0.2711,0.2582,0.1466,0,0,0.7
DRAFTIssuing,0.3564,0.3751,0.1073,0,0,0.7
dramatically,0.0259,0.2181,0.2936,0,0,0.7
drawn,0.018,0.0903,0.5632,0,0,0.7
drift,0.0483,0.196,0.228,0,0,0.7
drills,0.0256,0.4879,0.5594,0,0,0.7
drive,0.017,0.2772,0.6924,0,0,0.7
driven,0.042,0.1228,0.4591,0,0,0.7
driver,0.0369,0.1239,0.3539,0,0,0.7
drivers,0.0254,0.1981,0.4951,0,0,0.7
Drives,0.0247,0.189,0.5929,0,0,0.7
dropped,0.0561,0.1096,0.6026,0,0,0.7
drops,0.02,0.1188,0.7611,0,0,0.7
DSO,0.3509,0.5012,0.0427,0,0,0.7
DSTA,0.7826,0.618,0.0289,0.8,0.8,0.1
dual,0.1355,0.2505,0.36,0,0,0.7
dumping,0.0253,0.1878,0.2288,0,0,0.7
duplication,0.0401,0.1254,0.4393,0,0,0.7
Duration,0.0994,0.0982,0.7017,0,0,0.7
During,0.0355,0.1688,0.6264,0,0,0.7
duty,0.032,0.4793,0.3935,0,0,0.7
DXO,0.6017,0.3819,0.0621,0.8,0.8,0.1
Dy,0.2693,0.1096,0.1193,0,0,0.7
dynamics,0.0549,0.2248,0.3414,0,0,0.7
E,0.1756,0.1519,0.3224,0,0,0.7
E2E,0.3757,0.5197,0.1719,0,0,0.7
E3,0.327,0.3622,0.1595,0,0,0.7
Each,0.0234,0.0357,0.8066,0,0,0.7
earliest,0.1731,0.1066,0.5025,0,0,0.7
Early,0.0195,0.0619,0.7446,0,0,0.7
earned,0.0132,0.0326,0.6184,0,0,0.7
Ease,0.0196,0.0152,0.5477,0,0,0.7
Easily,0.0176,0.0189,0.5412,0,0,0.7
easy,0.015,0.015,0.5583,0,0,0.7
EASYLOWER,0.229,0.1322,0.055,0,0,0.7
Eating,0.0145,0.0384,0.6233,0,0,0.7
edge,0.066,0.242,0.3534,0,0,0.7
Effect,0.0453,0.054,0.5905,0,0,0.7
Effective,0.0224,0.1042,0.5996,0,0,0.7
effectively,0.0286,0.121,0.5917,0,0,0.7
Effects,0.0371,0.1889,0.4915,0,0,0.7
efficiency,0.0179,0.0906,0.4998,0,0,0.7
efficiently,0.0223,0.0382,0.4073,0,0,0.7
effort,0.0175,0.0447,0.5212,0,0,0.7
ego,0.1099,0.09,0.3125,0,0,0.7
Eisenhower,0.8984,0.2421,0.1453,0,0,0.7
elegance,0.0192,0.0358,0.3156,0,0,0.7
Element,0.0638,0.1092,0.429,0,0,0.7
Element40,,,,0,0,0.7
Elements,0.1405,0.1109,0.4302,0,0,0.7
Elements62,,,,0,0,0.7
eligibility,0.0489,0.1184,0.3685,0,0,0.7
eliminate,0.0327,0.1472,0.5777,0,0,0.7
eliminated,0.0191,0.1516,0.5357,0,0,0.7
eliminating,0.0315,0.0787,0.5496,0,0,0.7
else,0.0125,0.0213,0.4926,0,0,0.7
embed,0.1441,0.2253,0.2531,0,0,0.7
embedded,0.0431,0.4235,0.4392,0,0,0.7
embeds,0.1677,0.4011,0.2669,0,0,0.7
emerge,0.0147,0.0354,0.5292,0,0,0.7
emerges,0.0107,0.0483,0.492,0,0,0.7
emerging,0.0569,0.3749,0.168,0,0,0.7
empathy,0.0508,0.4,0.378,0,0,0.7
empirical,0.0415,0.0984,0.3503,0,0,0.7
Empower,0.0878,0.5159,0.2801,0,0,0.7
enable,0.0283,0.18,0.4714,0,0,0.7
enabler,0.0601,0.3656,0.3299,0,0,0.7
enablers,0.0414,0.3406,0.3231,0,0,0.7
enables,0.0137,0.3592,0.4044,0,0,0.7
Enabling,0.0612,0.2892,0.4025,0,0,0.7
Encode,0.0991,0.5006,0.2934,0,0,0.7
encrypt,0.0184,0.8328,0.2836,0,0,0.7
End,0.0369,0.2391,0.7129,0,0,0.7
Endorsed,0.0288,0.0286,0.347,0,0,0.7
endorsement,0.0405,0.2253,0.3937,0,0,0.7
ends,0.0234,0.0643,0.6876,0,0,0.7
Enemy,0.0991,0.667,0.3114,0.29,0.75,0.1
energy,0.0275,0.1687,0.5274,0,0,0.7
enforced,0.0643,0.7182,0.2866,0,0,0.7
Engagement,0.0924,0.4245,0.4815,0,0,0.7
engine,0.1238,0.3678,0.4834,0,0,0.7
engineer,0.0223,0.2704,0.547,0,0,0.7
engineered,0.0917,0.3006,0.2738,0,0,0.7
engineering,0.0701,0.4982,0.2824,0,0,0.7
engineers,0.0575,0.2703,0.3728,0,0,0.7
Enhancement,0.0309,0.162,0.3457,0,0,0.7
Enough,0.0223,0.033,0.6644,0,0,0.7
ensure,0.0226,0.1774,0.4706,0,0,0.7
ensures,0.0249,0.1463,0.6002,0,0,0.7
Enterprise,0.6855,0.3491,0.1461,0,0,0.7
entire,0.103,0.1787,0.5582,0,0,0.7
entirely,0.0325,0.034,0.6416,0,0,0.7
entry,0.0563,0.1781,0.5657,0,0,0.7
Environment,0.1495,0.2422,0.5323,0,0,0.7
Environments,0.2246,0.3863,0.5099,0,0,0.7
Environments58,,,,0,0,0.7
epic,0.4097,0.338,0.1788,0,0,0.7
equal,0.0243,0.0603,0.6624,0,0,0.7
equals,0.0431,0.0817,0.4891,0,0,0.7
equations,0.0667,0.366,0.3222,0,0,0.7
equivalent,0.0849,0.192,0.5724,0,0,0.7
era,0.0826,0.1337,0.3563,0,0,0.7
Ernest,0.7548,0.0585,0.2216,0.8,0,0.1
erosion,0.0288,0.257,0.5902,0,0,0.7
error,0.1059,0.1189,0.1489,0,0,0.7
errors,0.0511,0.1351,0.2915,0,0,0.7
escalate,0.0227,0.4932,0.4887,0,0,0.7
Escalation,0.1623,0.6264,0.35,0,0,0.7
especially,0.0178,0.1064,0.6784,0,0,0.7
essential,0.0225,0.0726,0.6304,0,0,0.7
estab,0.2275,0.3539,0.1517,0,0,0.7
Establish,0.0271,0.4363,0.3413,0,0,0.7
established,0.026,0.3213,0.4717,0,0,0.7
estimates,0.041,0.0927,0.3873,0,0,0.7
evaluate,0.0233,0.1379,0.4828,0,0,0.7
evaluation,0.0319,0.1403,0.529,0,0,0.7
even,0.0162,0.0667,0.7588,0,0,0.7
event,0.0557,0.1644,0.4741,0,0,0.7
events,0.072,0.298,0.3815,0,0,0.7
Eventually,0.0183,0.0263,0.6183,0,0,0.7
Ever,0.1174,0.0211,0.3276,0,0,0.7
Every,0.0167,0.0278,0.8498,0,0,0.7
everyone,0.0151,0.0288,0.627,0,0,0.7
everything,0.0176,0.0296,0.5902,0,0,0.7
evidence,0.0172,0.1176,0.5409,0,0,0.7
evolve,0.03,0.095,0.3951,0,0,0.7
evolved,0.0282,0.1764,0.4408,0,0,0.7
exact,0.0711,0.0662,0.6448,0,0,0.7
exactly,0.0095,0.0258,0.7064,0,0,0.7
examining,0.0161,0.1959,0.4083,0,0,0.7
Example,0.1594,0.0273,0.2568,0,0,0.7
Examples,0.0336,0.048,0.5483,0,0,0.7
exceeding,0.0277,0.366,0.3031,0,0,0.7
Excellent,0.0133,0.0169,0.4903,0,0,0.7
excuse,0.0158,0.0292,0.5724,0,0,0.7
execute,0.0199,0.4462,0.3929,0,0,0.7
executed,0.0251,0.3565,0.5419,0,0,0.7
executes,0.0268,0.3307,0.6004,0,0,0.7
Execution,0.0643,0.4496,0.6353,0,0,0.7
Execution38,,,,0,0,0.7
Executive,0.0629,0.3374,0.3547,0,0,0.7
Exercise,0.0569,0.4489,0.5002,0,0,0.7
exercised,0.0179,0.1692,0.5867,0,0,0.7
exercises,0.0364,0.6096,0.7172,0,0,0.7
exercising,0.0201,0.4489,0.4569,0,0,0.7
exhaustive,0.0336,0.2663,0.2473,0,0,0.7
Exist,0.0913,0.0621,0.431,0,0,0.7
existing,0.0632,0.2394,0.6042,0,0,0.7
Exists,0.0232,0.0288,0.6234,0,0,0.7
Exists61,,,,0,0,0.7
exit,0.0244,0.1451,0.6911,0,0,0.7
expect,0.0229,0.0259,0.551,0,0,0.7
Expectation,0.0828,0.0507,0.5452,0,0,0.7
Expectation64,,,,0,0,0.7
expectations,0.0941,0.1367,0.4546,0,0,0.7
expected,0.0237,0.037,0.5268,0,0,0.7
expects,0.0365,0.0586,0.5327,0,0,0.7
expedite,0.0205,0.2663,0.4354,0,0,0.7
expediting,0.0283,0.3505,0.3897,0,0,0.7
expensive,0.014,0.0411,0.3458,0,0,0.7
experience,0.0174,0.0358,0.6995,0,0,0.7
experienced,0.0165,0.058,0.595,0,0,0.7
experiment,0.0261,0.172,0.3368,0,0,0.7
Experimental,0.1067,0.3958,0.1602,0,0,0.7
Experimentation,0.0994,0.3446,0.4081,0,0,0.7
experiments,0.0702,0.3131,0.3616,0,0,0.7
Expert,0.023,0.1756,0.4199,0,0,0.7
expertise,0.027,0.0669,0.3189,0,0,0.7
experts,0.0571,0.3698,0.4467,0,0,0.7
explain,0.0152,0.0414,0.6047,0,0,0.7
explaining,0.0149,0.0648,0.4675,0,0,0.7
explains,0.0178,0.0872,0.7186,0,0,0.7
explanation,0.0218,0.0318,0.638,0,0,0.7
explanations,0.0603,0.0903,0.426,0,0,0.7
Explicit,0.0469,0.1688,0.5898,0,0,0.7
Explicitly,0.0782,0.1278,0.4306,0,0,0.7
Explicitly65,,,,0,0,0.7
explodes,0.0169,0.1734,0.2315,0,0,0.7
exploration,0.0202,0.3116,0.3985,0,0,0.7
explore,0.0122,0.195,0.3437,0,0,0.7
Export,0.1118,0.439,0.4256,0,0,0.7
expose,0.0176,0.3478,0.3001,0,0,0.7
Exposure,0.0533,0.6813,0.5212,0,0,0.7
extend,0.0233,0.3975,0.4701,0,0,0.7
extended,0.0736,0.1813,0.2848,0,0,0.7
extends,0.0411,0.1559,0.5262,0,0,0.7
external,0.1617,0.2979,0.3431,0,0,0.7
externally,0.149,0.2176,0.2965,0,0,0.7
extra,0.0227,0.0205,0.2856,0,0,0.7
Extreme,0.0344,0.11,0.1564,0,0,0.7
F,0.1986,0.1672,0.1555,0,0,0.7
fabricated,0.0463,0.1192,0.1228,0,0,0.7
Facing,0.0334,0.1286,0.5157,0,0,0.7
fail,0.0242,0.0999,0.5493,0,0,0.7
failed,0.0116,0.0691,0.3518,0,0,0.7
failing,0.0145,0.0658,0.5029,0,0,0.7
Fails,0.0368,0.2064,0.3766,0,0,0.7
failure,0.036,0.2925,0.4513,0,0,0.7
failures,0.0521,0.3155,0.4431,0,0,0.7
fallacy,0.065,0.0685,0.4933,0,0,0.7
Fallback,0.0602,0.3681,0.4619,0,0,0.7
fallbacks,0.1008,0.273,0.2895,0,0,0.7
falls,0.0139,0.0553,0.7416,0,0,0.7
Familiar,0.01,0.0187,0.8031,0,0,0.7
far,0.06,0.0586,0.5527,0,0,0.7
Fast,0.0387,0.0881,0.4652,0,0,0.7
faster,0.022,0.1789,0.5662,0,0,0.7
fatigue,0.0095,0.0232,0.589,0,0,0.7
fault,0.0572,0.1791,0.2613,0,0,0.7
faults,0.0359,0.3684,0.2464,0,0,0.7
FDE,0.5389,0.5627,0.0671,0,0,0.7
FDEs,0.3853,0.5352,0.0804,0,0,0.7
FE,0.1416,0.1759,0.1182,0,0,0.7
feature,0.0383,0.1095,0.5528,0,0,0.7
features,0.0431,0.0888,0.5226,0,0,0.7
Fed,0.2995,0.2476,0.3786,0,0,0.7
feed,0.0963,0.2602,0.4662,0,0,0.7
Feedback,0.0273,0.0941,0.684,0,0,0.7
Feeding,0.0282,0.1983,0.533,0,0,0.7
feel,0.0102,0.0147,0.4358,0,0,0.7
feeling,0.0148,0.0186,0.496,0,0,0.7
feels,0.013,0.0197,0.5384,0,0,0.7
felt,0.0115,0.0828,0.6095,0,0,0.7
fetch,0.0233,0.1396,0.5942,0,0,0.7
fewer,0.0226,0.0409,0.7305,0,0,0.7
FFP,0.6256,0.699,0.0407,0.82,0.95,0.1
Fidelity,0.6128,0.1747,0.3259,0,0,0.7
field,0.0642,0.1615,0.4557,0,0,0.7
fielded,0.0286,0.4979,0.3383,0,0,0.7
fight,0.0137,0.5753,0.4643,0,0.77,0.1
figure,0.0831,0.1384,0.6139,0,0,0.7
files,0.1342,0.0963,0.3119,0,0,0.7
fill,0.0207,0.04,0.6072,0,0,0.7
Final,0.1285,0.1697,0.5657,0,0,0.7
find,0.0168,0.0493,0.57,0,0,0.7
finding,0.0305,0.0686,0.3673,0,0,0.7
fire,0.0205,0.4636,0.483,0,0,0.7
first,0.0349,0.0327,0.5463,0,0,0.7
Fit,0.0473,0.0868,0.3354,0,0,0.7
five,0.0176,0.0994,0.7585,0,0,0.7
fixed,0.0598,0.1701,0.7708,0,0,0.7
Fixes,0.0227,0.114,0.329,0,0,0.7
flex,0.0822,0.1243,0.3568,0,0,0.7
flexes,0.0271,0.1136,0.3085,0,0,0.7
flexible,0.0208,0.1533,0.3473,0,0,0.7
Flood,0.0335,0.2126,0.5767,0,0,0.7
Floor,0.0168,0.0426,0.6061,0,0,0.7
flow,0.0417,0.2055,0.5623,0,0,0.7
flows,0.0522,0.2729,0.3675,0,0,0.7
fluency,0.0245,0.1442,0.6642,0,0,0.7
Flutter,0.4979,0.1159,0.1272,0,0,0.7
Focus,0.0349,0.2074,0.4135,0,0,0.7
focused,0.0321,0.079,0.4499,0,0,0.7
follow,0.0127,0.1398,0.6623,0,0,0.7
followed,0.0102,0.0471,0.7161,0,0,0.7
following,0.0196,0.0929,0.6799,0,0,0.7
follows,0.0117,0.0323,0.5151,0,0,0.7
for,,,,0,0,0.7
forbidden,0.0609,0.2237,0.1222,0,0,0.7
Force,0.0657,0.6519,0.5067,0.1,0.91,0.1
forces,0.0454,0.2891,0.595,0.1,0.77,0.1
forcing,0.0223,0.0896,0.3626,0,0,0.7
forged,0.0213,0.1761,0.1937,0,0,0.7
form,0.0292,0.0943,0.6476,0,0,0.7
formal,0.0345,0.0772,0.5662,0,0,0.7
Formalize,0.0306,0.3484,0.2345,0,0,0.7
formally,0.0475,0.3086,0.3328,0,0,0.7
format,0.0163,0.059,0.5888,0,0,0.7
formation,0.0289,0.279,0.4141,0,0,0.7
formed,0.0152,0.0633,0.4077,0,0,0.7
forming,0.0424,0.3503,0.5188,0,0,0.7
formulates,0.0259,0.073,0.4995,0,0,0.7
forRAP,0.6817,0.3295,0.0378,0,0,0.7
Forward,0.1653,0.4322,0.5809,0,0,0.7
FOUNDATION,0.0924,0.1662,0.6426,0,0,0.7
four,0.0517,0.025,0.7373,0,0,0.7
fractionally,0.0405,0.0619,0.1535,0,0,0.7
Frame,0.0943,0.2077,0.4496,0,0,0.7
Framework,0.2199,0.148,0.2684,0,0,0.7
frameworks,0.0733,0.1103,0.205,0,0,0.7
freedom,0.0242,0.1642,0.3591,0,0,0.7
freely,0.0124,0.0492,0.492,0,0,0.7
freezes,0.0354,0.2287,0.4698,0,0,0.7
frequent,0.0179,0.1107,0.5865,0,0,0.7
Fresh,0.0362,0.0675,0.5486,0,0,0.7
freshly,0.0281,0.0575,0.483,0,0,0.7
friction,0.0161,0.2252,0.6544,0,0,0.7
from,,,,0,0,0.7
front,0.0253,0.0602,0.5675,0,0,0.7
frontend,0.1296,0.0666,0.4031,0,0,0.7
Full,0.0612,0.3367,0.6901,0,0,0.7
fully,0.0874,0.3871,0.4773,0,0,0.7
function,0.0466,0.0703,0.6154,0,0,0.7
functional,0.0522,0.1376,0.5092,0,0,0.7
functionally,0.026,0.2913,0.3732,0,0,0.7
further,0.0383,0.1953,0.69,0,0,0.7
Future,0.0275,0.0567,0.5829,0,0,0.7
Fx,0.3589,0.1523,0.1174,0,0,0.7
G,0.2169,0.1554,0.3067,0,0,0.7
gain,0.0756,0.1541,0.2846,0,0,0.7
gaining,0.0153,0.2306,0.6504,0,0,0.7
gap,0.0241,0.0686,0.4912,0,0,0.7
gaps,0.025,0.322,0.3467,0,0,0.7
Gary,0.8484,0.0702,0.2769,0,0,0.7
gate,0.0846,0.5566,0.4841,0,0,0.7
gatekeeping,0.0626,0.6656,0.2642,0,0,0.7
gates,0.1451,0.523,0.408,0,0,0.7
gathered,0.0105,0.0565,0.6007,0,0,0.7
gathering,0.0278,0.1694,0.4121,0,0,0.7
GCC,0.6404,0.5736,0.0798,0,0.8,0.1
gen,0.0486,0.0685,0.1902,0,0,0.7
generalist,0.0374,0.0975,0.5425,0,0,0.7
Generate,0.0534,0.1395,0.6058,0,0,0.7
Generated,0.1763,0.2063,0.3014,0,0,0.7
generates,0.036,0.1553,0.47,0,0,0.7
generation,0.0542,0.2445,0.3781,0,0,0.7
generic,0.0408,0.0194,0.5444,0,0,0.7
genuine,0.0108,0.0335,0.2507,0,0,0.7
genuinely,0.0208,0.0348,0.3063,0,0,0.7
get,0.0245,0.1323,0.6972,0,0,0.7
Gets,0.049,0.0211,0.5989,0,0,0.7
getting,0.0174,0.2163,0.6525,0,0,0.7
GitHub,0.9403,0.4991,0.0573,0,0,0.7
GitLab,0.9125,0.4254,0.0413,0,0,0.7
give,0.0131,0.0406,0.569,0,0,0.7
given,0.0283,0.0341,0.4686,0,0,0.7
giver,0.0721,0.0462,0.5321,0,0,0.7
gives,0.0169,0.0566,0.6481,0,0,0.7
giving,0.0259,0.1555,0.682,0,0,0.7
Glossary,0.1927,0.1668,0.4535,0,0,0.7
go,0.0335,0.06,0.5489,0,0,0.7
goal,0.084,0.1908,0.5515,0,0,0.7
Goals,0.0856,0.2134,0.5991,0,0,0.7
goes,0.0116,0.1298,0.7034,0,0,0.7
Gold,0.1527,0.2806,0.4458,0,0,0.7
gone,0.0171,0.0736,0.5457,0,0,0.7
Good,0.0129,0.0224,0.6108,0,0,0.7
got,0.0258,0.0537,0.4597,0,0,0.7
govern,0.0301,0.1469,0.6322,0,0,0.7
governance,0.1007,0.3761,0.3482,0,0,0.7
governed,0.0277,0.346,0.4451,0,0,0.7
Government,0.3938,0.3482,0.4596,0.8,0.8,0.1
GovTech,0.8114,0.4096,0.0464,0.8,0.8,0.1
grant,0.0579,0.1205,0.3812,0,0,0.7
grasps,0.0193,0.1674,0.4131,0,0,0.7
greatest,0.0492,0.1131,0.4864,0,0,0.7
green,0.0384,0.1019,0.4539,0,0,0.7
grew,0.0113,0.0254,0.5578,0,0,0.7
Grill,0.1173,0.1912,0.4962,0,0,0.7
ground,0.0463,0.2279,0.6225,0,0,0.7
group,0.068,0.0632,0.5923,0,0,0.7
groupthink,0.0894,0.1372,0.3337,0,0,0.7
grow,0.0161,0.043,0.5375,0,0,0.7
grows,0.0196,0.0353,0.599,0,0,0.7
guarantee,0.0417,0.0613,0.6185,0,0,0.7
guaranteed,0.038,0.0612,0.4897,0,0,0.7
Guardrails,0.2565,0.4151,0.4055,0,0,0.7
Guardrails29,,,,0,0,0.7
Guess,0.0344,0.0384,0.3436,0,0,0.7
guesses,0.0126,0.0328,0.3298,0,0,0.7
guessing,0.0153,0.0669,0.2555,0,0,0.7
guidance,0.0276,0.2709,0.427,0,0,0.7
Guide,0.0736,0.1993,0.715,0,0,0.7
Guide48,,,,0,0,0.7
Guided,0.1154,0.3182,0.4547,0,0,0.7
Guideline,0.055,0.0994,0.4831,0,0,0.7
guidelines,0.0542,0.1146,0.6028,0,0,0.7
gut,0.0535,0.0464,0.2966,0,0,0.7
H,0.2337,0.1896,0.206,0,0,0.7
ha,0.1232,0.0627,0.3524,0,0,0.7
habits,0.0201,0.1967,0.6854,0,0,0.7
Hackathon,0.3308,0.3453,0.3547,0,0,0.7
half,0.0154,0.0275,0.5962,0,0,0.7
halves,0.0204,0.0524,0.54,0,0,0.7
hand,0.0322,0.0741,0.637,0,0,0.7
handing,0.023,0.2345,0.4375,0,0,0.7
Handle,0.0288,0.0745,0.6278,0,0,0.7
handled,0.013,0.0494,0.7213,0,0,0.7
handling,0.0162,0.1434,0.5821,0,0,0.7
Handoff,0.0665,0.3455,0.6292,0,0,0.7
hands,0.0201,0.0714,0.3532,0,0,0.7
happen,0.009,0.0339,0.7534,0,0,0.7
Happens,0.0133,0.0367,0.5906,0,0,0.7
Hard,0.0164,0.1106,0.5674,0,0,0.7
Harden,0.0502,0.5606,0.351,0,0,0.7
hardest,0.0483,0.0711,0.2025,0,0,0.7
HARDMORE,0.3021,0.1157,0.0801,0,0,0.7
Hardware,0.1932,0.3657,0.2917,0,0,0.7
Harness,0.2793,0.2685,0.3913,0,0,0.7
has,,,,0,0,0.7
Have,,,,0,0,0.7
Hd,0.5473,0.3894,0.0864,0,0,0.7
Head,0.2455,0.2493,0.4894,0,0,0.7
headcount,0.0485,0.1493,0.5804,0,0,0.7
Headless,0.3241,0.3594,0.2279,0,0,0.7
heads,0.0172,0.0326,0.6599,0,0,0.7
heavily,0.0233,0.0925,0.4265,0,0,0.7
helps,0.0141,0.0271,0.5426,0,0,0.7
here,0.0191,0.0171,0.6314,0,0,0.7
hesitation,0.043,0.0433,0.3374,0,0,0.7
hidden,0.0441,0.1706,0.1872,0,0,0.7
hide,0.0131,0.187,0.4718,0,0,0.7
hierarchy,0.0703,0.0858,0.4028,0,0,0.7
High,0.0202,0.0687,0.4079,0,0,0.7
higher,0.0324,0.0716,0.5836,0,0,0.7
Highest,0.099,0.3297,0.5896,0,0,0.7
HIGHLEVERAGE,0.2039,0.1961,0.0338,0,0,0.7
highlights,0.0312,0.1518,0.431,0,0,0.7
highly,0.0256,0.0434,0.5968,0,0,0.7
hinders,0.0149,0.316,0.6171,0,0,0.7
history,0.0212,0.0434,0.7388,0,0,0.7
hoc,0.0623,0.4938,0.3806,0,0,0.7
hold,0.0162,0.218,0.7043,0,0,0.7
Holding,0.0317,0.2325,0.6795,0,0,0.7
holds,0.0216,0.1115,0.5622,0,0,0.7
homogeneous,0.0315,0.1246,0.5876,0,0,0.7
hoping,0.0117,0.0128,0.5185,0,0,0.7
hosted,0.1124,0.2918,0.4569,0,0,0.7
Hosting,0.1058,0.3621,0.4655,0,0,0.7
hotfixes,0.1725,0.5728,0.2122,0,0,0.7
Hour,0.0882,0.0582,0.7115,0,0,0.7
hours,0.0284,0.1271,0.7401,0,0,0.7
How,0.0293,0.0224,0.6732,0,0,0.7
However,0.0212,0.041,0.7744,0,0,0.7
hr,0.053,0.0618,0.3884,0,0,0.7
Human,0.0793,0.1734,0.5816,0,0,0.7
Humans,0.1127,0.0779,0.5626,0,0,0.7
hurt,0.0124,0.0336,0.519,0,0,0.7
hypothesis,0.0499,0.0747,0.3622,0,0,0.7
I,,,,0,0,0.7
I3,0.4516,0.4094,0.1163,0,0,0.7
ideas,0.0144,0.0309,0.4784,0,0,0.7
identification,0.0624,0.2109,0.2639,0,0,0.7
identified,0.0804,0.2648,0.3535,0,0,0.7
Identifies,0.0326,0.1463,0.423,0,0,0.7
Identify,0.0248,0.2543,0.3251,0,0,0.7
identifying,0.026,0.2164,0.3148,0,0,0.7
identity,0.0476,0.0684,0.5247,0,0,0.7
If,,,,0,0,0.7
ignorantly,0.0337,0.0459,0.1965,0,0,0.7
Ignoring,0.0128,0.0312,0.5559,0,0,0.7
imagine,0.0226,0.0216,0.5539,0,0,0.7
imagining,0.027,0.0413,0.2346,0,0,0.7
immediate,0.0169,0.0705,0.5387,0,0,0.7
immediately,0.0204,0.04,0.6818,0,0,0.7
Immersed,0.0476,0.1245,0.2805,0,0,0.7
immersion,0.0841,0.5355,0.373,0,0,0.7
Imminent,0.0146,0.1764,0.3129,0,0,0.7
impact,0.021,0.3222,0.4832,0,0,0.7
impacting,0.039,0.4016,0.3793,0,0,0.7
impatience,0.0385,0.0891,0.4962,0,0,0.7
implement,0.018,0.1584,0.4559,0,0,0.7
implementation,0.0363,0.0743,0.4826,0,0,0.7
implementations,0.1194,0.1498,0.293,0,0,0.7
implemented,0.0143,0.0497,0.5571,0,0,0.7
Implementer,0.0546,0.2441,0.3041,0,0,0.7
implementers,0.0788,0.1169,0.2346,0,0,0.7
implication,0.0684,0.2639,0.3235,0,0,0.7
Implicit,0.0474,0.0333,0.4006,0,0,0.7
Important,0.0141,0.043,0.7251,0,0,0.7
impose,0.0233,0.2816,0.6573,0,0,0.7
impossible,0.0409,0.1033,0.1362,0,0,0.7
impractical,0.0203,0.1218,0.2238,0,0,0.7
improve,0.0139,0.2047,0.4758,0,0,0.7
improves,0.0141,0.0389,0.5658,0,0,0.7
improvisation,0.0371,0.3218,0.3295,0,0,0.7
in,,,,0,0,0.7
including,0.0264,0.228,0.5903,0,0,0.7
incoming,0.1172,0.3304,0.3554,0,0,0.7
incompetence,0.0175,0.0384,0.2071,0,0,0.7
incomplete,0.0538,0.0804,0.2539,0,0,0.7
inconsistencies,0.0419,0.1017,0.3877,0,0,0.7
increase,0.0191,0.0614,0.5523,0,0,0.7
increases,0.0183,0.1719,0.6043,0,0,0.7
increasingly,0.0208,0.101,0.5034,0,0,0.7
indefinitely,0.0578,0.0498,0.2357,0,0,0.7
Independence,0.1526,0.5384,0.3907,0,0,0.7
Independence66,,,,0,0,0.7
independent,0.0205,0.0832,0.4866,0,0,0.7
independently,0.03,0.0698,0.477,0,0,0.7
indicate,0.0185,0.0822,0.6123,0,0,0.7
indicator,0.0602,0.1935,0.2576,0,0,0.7
Individual,0.095,0.0968,0.6392,0,0,0.7
individually,0.0304,0.0192,0.6384,0,0,0.7
industrial,0.0625,0.3377,0.192,0,0,0.7
Industry,0.2595,0.2418,0.4132,0,0,0.7
inevitable,0.0176,0.0406,0.4571,0,0,0.7
inevitably,0.0131,0.045,0.4363,0,0,0.7
infer,0.0174,0.1643,0.2939,0,0,0.7
info,0.0668,0.1035,0.5113,0,0,0.7
informal,0.0281,0.025,0.5946,0,0,0.7
information,0.0173,0.0349,0.6356,0,0,0.7
Informs,0.0183,0.074,0.4634,0,0,0.7
infrastructure,0.1543,0.6543,0.3857,0,0,0.7
infused,0.0356,0.0912,0.267,0,0,0.7
inherits,0.0314,0.101,0.5936,0,0,0.7
Initial,0.0805,0.1513,0.5713,0,0,0.7
Initiated,0.0377,0.2111,0.3163,0,0,0.7
initiative,0.0316,0.2548,0.5815,0,0,0.7
injected,0.1581,0.3402,0.2224,0,0,0.7
Innovation,0.1748,0.3995,0.354,0,0,0.7
innovations,0.0819,0.367,0.2854,0,0,0.7
input,0.0855,0.0733,0.3101,0,0,0.7
inputs,0.0693,0.0642,0.3727,0,0,0.7
ins,0.1696,0.2147,0.2844,0,0,0.7
Insert,0.0616,0.1768,0.6256,0,0,0.7
inside,0.0514,0.2261,0.6104,0,0,0.7
insight,0.0344,0.3272,0.3799,0,0,0.7
Insights,0.1499,0.1189,0.3328,0,0,0.7
inspect,0.0264,0.1251,0.3712,0,0,0.7
inspecting,0.0191,0.2471,0.3227,0,0,0.7
inspiration,0.033,0.0332,0.4455,0,0,0.7
instance,0.0778,0.12,0.4539,0,0,0.7
Instead,0.0207,0.0362,0.715,0,0,0.7
instinct,0.0188,0.1417,0.55,0,0,0.7
institutional,0.1269,0.3144,0.3954,0,0,0.7
institutionalized,0.0876,0.1767,0.24,0,0,0.7
instruction,0.0265,0.058,0.5461,0,0,0.7
instructions,0.0516,0.1027,0.6747,0,0,0.7
Instruments,0.077,0.2559,0.3165,0,0,0.7
integrate,0.0215,0.4728,0.3709,0,0,0.7
integrated,0.1034,0.2811,0.4109,0,0,0.7
Integration,0.1998,0.3706,0.3919,0,0,0.7
INTEGRATION28,0.6624,0.3153,0.4313,0,0,0.7
integrations,0.1878,0.4082,0.2378,0,0,0.7
integrity,0.0302,0.6327,0.3941,0,0,0.7
intelligence,0.0284,0.3021,0.333,0,0,0.7
intended,0.0224,0.0601,0.4902,0,0,0.7
intensity,0.037,0.2588,0.437,0,0,0.7
Intent,0.1582,0.1496,0.5812,0,0,0.7
Intent63,,,,0,0,0.7
Intent64,,,,0,0,0.7
intentional,0.0388,0.0988,0.277,0,0,0.7
intentionally,0.0201,0.0296,0.2552,0,0,0.7
interaction,0.0726,0.304,0.4633,0,0,0.7
interconnected,0.0493,0.2216,0.2582,0,0,0.7
interfaces,0.0732,0.1844,0.4522,0,0,0.7
interleaving,0.0416,0.0743,0.3998,0,0,0.7
internal,0.0862,0.0967,0.5712,0,0,0.7
internalised,0.0427,0.0827,0.3162,0,0,0.7
internet,0.1432,0.2448,0.3981,0,0,0.7
interpret,0.0182,0.0483,0.6479,0,0,0.7
interpretation,0.0142,0.1064,0.5451,0,0,0.7
interpretations,0.0869,0.1681,0.3439,0,0,0.7
interrupt,0.0452,0.2921,0.522,0,0,0.7
into,,,,0,0,0.7
intrinsic,0.0883,0.0639,0.26,0,0,0.7
introduce,0.0188,0.1052,0.5953,0,0,0.7
introduces,0.0198,0.0837,0.4168,0,0,0.7
Intuition,0.0236,0.0811,0.3519,0,0,0.7
invalidates,0.0152,0.2112,0.3739,0,0,0.7
invariant,0.067,0.1893,0.3088,0,0,0.7
invariants,0.1176,0.2797,0.3094,0,0,0.7
invent,0.022,0.351,0.352,0,0,0.7
invest,0.0284,0.3235,0.5125,0,0,0.7
Investigate,0.0125,0.246,0.3539,0,0,0.7
investigates,0.0195,0.2751,0.4105,0,0,0.7
investigation,0.0219,0.4057,0.334,0,0,0.7
investing,0.0281,0.2047,0.4576,0,0,0.7
investment,0.0294,0.1807,0.5895,0,0,0.7
ironically,0.0153,0.0197,0.314,0,0,0.7
irreducible,0.0548,0.1241,0.1698,0,0,0.7
irreversible,0.0222,0.1541,0.315,0,0,0.7
is,,,,0,0,0.7
isn,0.1646,0.1864,0.2223,0,0,0.7
isolate,0.0442,0.3365,0.4081,0,0,0.7
isolated,0.0238,0.0422,0.2557,0,0,0.7
Issuance,0.0395,0.3279,0.6279,0,0,0.7
Issuance45,,,,0,0,0.7
Issuance46,,,,0,0,0.7
issue,0.0162,0.0904,0.7103,0,0,0.7
issuing,0.0443,0.2971,0.4204,0,0,0.7
It,,,,0,0,0.7
Item,0.1435,0.1723,0.5803,0,0,0.7
items,0.0947,0.2913,0.4052,0,0,0.7
iterate,0.0202,0.0912,0.625,0,0,0.7
iterates,0.0213,0.0762,0.5265,0,0,0.7
iteration,0.0364,0.2236,0.7261,0,0,0.7
iterations,0.0327,0.1736,0.5728,0,0,0.7
Its,,,,0,0,0.7
itself,0.0866,0.1168,0.4996,0,0,0.7
Java,0.4619,0.1032,0.048,0,0,0.7
job,0.0155,0.0829,0.6655,0,0,0.7
john,0.6883,0.0215,0.2298,0.67,0.1,0.1
joining,0.042,0.249,0.565,0,0,0.7
joins,0.0787,0.1107,0.6443,0,0,0.7
joint,0.2448,0.6466,0.4745,0,0,0.7
js,0.2836,0.2472,0.081,0,0,0.7
judge,0.0239,0.2763,0.5127,0,0,0.7
Judgment,0.029,0.3501,0.5016,0,0,0.7
jump,0.0192,0.1091,0.7982,0,0,0.7
Just,0.0332,0.0347,0.6463,0,0,0.7
justification,0.0261,0.0517,0.4838,0,0,0.7
Kata,0.2277,0.0961,0.1561,0,0,0.7
Keep,0.0245,0.0356,0.604,0,0,0.7
keeps,0.0185,0.039,0.6117,0,0,0.7
kept,0.0168,0.0331,0.4944,0,0,0.7
Key,0.0575,0.1828,0.4948,0,0,0.7
kickstart,0.0504,0.1023,0.3597,0,0,0.7
kills,0.0149,0.1723,0.41,0,0,0.7
Klein,0.7662,0.1683,0.2649,0,0,0.7
know,0.0225,0.0504,0.6032,0,0,0.7
knowing,0.0198,0.0847,0.5496,0,0,0.7
Knowledge,0.0495,0.1008,0.5597,0,0,0.7
known,0.0345,0.1059,0.5926,0,0,0.7
knows,0.0157,0.0578,0.3771,0,0,0.7
Kotlin,0.6348,0.0559,0.0538,0,0,0.7
L1,0.3129,0.2794,0.1475,0,0,0.7
L10,0.3416,0.2514,0.2586,0,0,0.7
L11,0.4302,0.2257,0.1928,0,0,0.7
L12,0.3599,0.2049,0.1815,0,0,0.7
L13,0.3488,0.2202,0.2159,0,0,0.7
L2,0.2419,0.4439,0.2221,0,0,0.7
L3,0.2673,0.1695,0.1238,0,0,0.7
L4,0.2811,0.2869,0.143,0,0,0.7
L5,0.2673,0.2309,0.2355,0,0,0.7
L6,0.2321,0.1884,0.1831,0,0,0.7
L7,0.3394,0.2362,0.1342,0,0,0.7
L8,0.387,0.2143,0.1322,0,0,0.7
L9,0.2708,0.2426,0.2696,0,0,0.7
Label,0.1229,0.0571,0.187,0,0,0.7
lack,0.0396,0.0643,0.287,0,0,0.7
lacks,0.0161,0.0333,0.6674,0,0,0.7
Ladder,0.148,0.2685,0.437,0,0,0.7
Ladder62,,,,0,0,0.7
landmark,0.1034,0.1578,0.3643,0,0,0.7
Landmarks,0.1045,0.152,0.5306,0,0,0.7
lands,0.0389,0.0763,0.4835,0,0,0.7
landscape,0.0216,0.118,0.4764,0,0,0.7
lane,0.0278,0.075,0.3927,0,0,0.7
laptop,0.1557,0.0944,0.4588,0,0,0.7
laptops,0.2505,0.1773,0.4036,0,0,0.7
Large,0.0244,0.0464,0.5729,0,0,0.7
largest,0.0499,0.1174,0.5734,0,0,0.7
larks,0.0512,0.0218,0.3012,0,0,0.7
last,0.0346,0.0405,0.7677,0,0,0.7
late,0.0193,0.0629,0.6789,0,0,0.7
latency,0.0742,0.5044,0.3871,0,0,0.7
latent,0.0912,0.4411,0.235,0,0,0.7
later,0.0194,0.0516,0.6615,0,0,0.7
launch,0.0523,0.2742,0.4949,0,0,0.7
layer,0.0346,0.1739,0.4952,0,0,0.7
layers,0.0303,0.1654,0.3444,0,0,0.7
layout,0.0878,0.1323,0.3942,0,0,0.7
laziness,0.0149,0.0114,0.5173,0,0,0.7
Lead,0.0675,0.2339,0.5392,0,0,0.7
leader,0.0127,0.1088,0.3918,0,0,0.7
Leadership,0.0273,0.0663,0.5587,0,0,0.7
Leadership66,,,,0,0,0.7
leads,0.0771,0.0808,0.3796,0,0,0.7
learn,0.0128,0.035,0.3357,0,0,0.7
learned,0.0143,0.0537,0.4804,0,0,0.7
learning,0.0428,0.2138,0.4178,0,0,0.7
LEARNING34,0.5622,0.1801,0.5775,0,0,0.7
least,0.1033,0.2542,0.6124,0,0,0.7
leave,0.0217,0.0436,0.6537,0,0,0.7
left,0.1625,0.1114,0.4548,0,0,0.7
Length,0.0487,0.0345,0.6218,0,0,0.7
Length56,,,,0,0,0.7
less,0.0184,0.0296,0.6005,0,0,0.7
lesson,0.0242,0.0825,0.4014,0,0,0.7
lessons,0.0428,0.3662,0.5274,0,0,0.7
Let,0.0228,0.0362,0.678,0,0,0.7
Level,0.0465,0.1241,0.6858,0,0,0.7
Levels,0.089,0.1192,0.3244,0,0,0.7
Leverage,0.0826,0.4419,0.603,0,0,0.7
levers,0.0337,0.2324,0.4593,0,0,0.7
liaising,0.0271,0.1813,0.3987,0,0,0.7
libraries,0.0957,0.2142,0.3002,0,0,0.7
Library,0.1216,0.106,0.4681,0,0,0.7
lies,0.0184,0.0282,0.5929,0,0,0.7
Lieutenant,0.0274,0.5964,0.4205,0.8,0.8,0.1
lighter,0.0148,0.0243,0.5268,0,0,0.7
Lightweight,0.0393,0.098,0.326,0,0,0.7
like,0.0166,0.021,0.6257,0,0,0.7
likely,0.0664,0.0946,0.4902,0,0,0.7
limitations,0.0951,0.3242,0.6549,0,0,0.7
limited,0.0229,0.1227,0.5484,0,0,0.7
limiting,0.0512,0.0982,0.5128,0,0,0.7
limits,0.0905,0.2411,0.489,0,0,0.7
line,0.0247,0.0739,0.7,0,0,0.7
linear,0.0274,0.0707,0.5346,0,0,0.7
lines,0.0465,0.1393,0.6331,0,0,0.7
link,0.0671,0.1568,0.3988,0,0,0.7
lists,0.0687,0.0789,0.5363,0,0,0.7
literal,0.0186,0.0377,0.6555,0,0,0.7
literalism,0.0336,0.0362,0.2788,0,0,0.7
little,0.0195,0.021,0.5144,0,0,0.7
live,0.0284,0.2245,0.449,0,0,0.7
lives,0.0173,0.0345,0.4627,0,0,0.7
load,0.0266,0.3573,0.6009,0,0,0.7
loaded,0.028,0.2516,0.3936,0,0,0.7
Loading,0.073,0.1955,0.3428,0,0,0.7
loads,0.0618,0.4002,0.4252,0,0,0.7
local,0.0524,0.0814,0.6673,0,0,0.7
locally,0.0318,0.1204,0.5255,0,0,0.7
Lock,0.0452,0.3481,0.5055,0,0,0.7
LOG,0.0892,0.2714,0.3671,0,0,0.7
logging,0.0465,0.2772,0.4877,0,0,0.7
logic,0.0235,0.1437,0.4383,0,0,0.7
Logistics,0.0914,0.236,0.5673,0,0,0.7
logs,0.1896,0.296,0.4091,0,0,0.7
long,0.026,0.0827,0.7148,0,0,0.7
longer,0.0122,0.0329,0.4253,0,0,0.7
look,0.0112,0.0192,0.7217,0,0,0.7
looks,0.0128,0.0147,0.8275,0,0,0.7
Loop,0.1473,0.342,0.5368,0,0,0.7
Loop24,,,,0,0,0.7
loops,0.0719,0.4429,0.5104,0,0,0.7
Loose,0.0176,0.0657,0.6861,0,0,0.7
Loosely,0.0218,0.2517,0.4356,0,0,0.7
loosen,0.0134,0.2807,0.587,0,0,0.7
LOS,0.4163,0.3541,0.1412,0,0,0.7
lose,0.0102,0.0461,0.7979,0,0,0.7
loses,0.0668,0.1616,0.3969,0,0,0.7
Losing,0.0185,0.0585,0.6819,0,0,0.7
Loss,0.0663,0.234,0.5411,0,0,0.7
lost,0.0228,0.0723,0.4539,0,0,0.7
low,0.0384,0.2361,0.6733,0,0,0.7
lower,0.0217,0.105,0.6912,0,0,0.7
lowered,0.0222,0.1314,0.6191,0,0,0.7
Lowest,0.0207,0.1135,0.5453,0,0,0.7
LOWLEVERAGE,0.1467,0.1705,0.0499,0,0,0.7
LTC,0.2829,0.7581,0.1163,0.8,0.8,0.1
M,0.1775,0.1569,0.3325,0,0,0.7
M1,0.4693,0.4291,0.1518,0,0,0.7
M3,0.412,0.4048,0.1157,0,0,0.7
M365,0.7127,0.359,0.0536,0,0,0.7
Mac,0.5936,0.1138,0.1683,0,0,0.7
machine,0.1013,0.186,0.4894,0,0,0.7
macOS,0.8161,0.1229,0.0962,0,0,0.7
made,0.015,0.0566,0.6619,0,0,0.7
main,0.0995,0.1622,0.516,0,0,0.7
Maintain,0.0247,0.2907,0.5974,0,0,0.7
maintained,0.0173,0.0844,0.4736,0,0,0.7
maintaining,0.0185,0.3226,0.6062,0,0,0.7
maintains,0.0175,0.2358,0.6565,0,0,0.7
Maintenance,0.0372,0.2177,0.5636,0,0,0.7
Major,0.0352,0.1875,0.641,0.8,0.8,0.1
Make,0.0423,0.0747,0.6104,0,0,0.7
Makes,0.0304,0.0482,0.6344,0,0,0.7
making,0.0407,0.0772,0.542,0,0,0.7
manageable,0.0192,0.0349,0.411,0,0,0.7
managed,0.0369,0.1454,0.579,0,0,0.7
Management,0.0332,0.1139,0.559,0,0,0.7
Management28,,,,0,0,0.7
Manager,0.0205,0.0468,0.5494,0,0,0.7
managing,0.0331,0.1731,0.6252,0,0,0.7
Mandate,0.0591,0.127,0.4853,0,0,0.7
Mandate56,,,,0,0,0.7
mandating,0.024,0.0973,0.349,0,0,0.7
mandatory,0.0274,0.2088,0.6254,0,0,0.7
manner,0.027,0.1003,0.5459,0,0,0.7
manual,0.0788,0.2991,0.5482,0,0,0.7
many,0.0109,0.0165,0.588,0,0,0.7
mapped,0.2536,0.3061,0.2593,0,0,0.7
mapping,0.1551,0.2593,0.3676,0,0,0.7
maps,0.0916,0.2763,0.5205,0,0,0.7
Mark,0.6243,0.0302,0.2128,0,0,0.7
marker,0.0549,0.1105,0.2895,0,0,0.7
Markers,0.1108,0.1546,0.3147,0,0,0.7
massive,0.0372,0.0596,0.2068,0,0,0.7
match,0.0723,0.1509,0.5234,0,0,0.7
matches,0.0606,0.131,0.5833,0,0,0.7
materially,0.022,0.2322,0.32,0,0,0.7
Matrix,0.1707,0.2009,0.288,0,0,0.7
Matter,0.04,0.1338,0.5728,0,0,0.7
Matters,0.1106,0.0777,0.4348,0,0,0.7
Matters25,,,,0,0,0.7
Maturity,0.0343,0.4402,0.6882,0,0,0.7
maximise,0.0348,0.2519,0.3466,0,0,0.7
Maximize,0.0227,0.2253,0.4257,0,0,0.7
Maximum,0.0348,0.2158,0.373,0,0,0.7
may,0.0547,0.0368,0.5426,0,0,0.7
MCC,0.6915,0.5278,0.0578,0.1,0.8,0.1
McChrystal,0.8968,0.2926,0.0544,0,0,0.7
MCN,0.6608,0.4992,0.0284,0.1,0.8,0.1
md,0.1258,0.1688,0.1354,0,0,0.7
Me,,,,0,0,0.7
Mean,0.092,0.0268,0.6509,0,0,0.7
meaning,0.0137,0.0293,0.7428,0,0,0.7
meaningful,0.0129,0.0671,0.4417,0,0,0.7
meanings,0.0564,0.1145,0.5977,0,0,0.7
means,0.0305,0.0547,0.6067,0,0,0.7
measurably,0.02,0.1508,0.2783,0,0,0.7
Measure,0.0417,0.2584,0.5586,0,0,0.7
measures,0.0444,0.1791,0.4615,0,0,0.7
mechanism,0.0387,0.3304,0.3065,0,0,0.7
mechanisms,0.0523,0.3717,0.358,0,0,0.7
medium,0.0565,0.0323,0.6383,0,0,0.7
meeting,0.0381,0.1163,0.7186,0,0,0.7
meetings,0.0355,0.08,0.5939,0,0,0.7
meets,0.0221,0.1631,0.5012,0,0,0.7
MEL,0.4245,0.4679,0.1943,0,0,0.7
Member,0.0918,0.1324,0.4683,0,0,0.7
Members,0.0948,0.047,0.6855,0,0,0.7
memory,0.0464,0.1187,0.5589,0,0,0.7
men,0.0677,0.1724,0.6301,0,0,0.7
Mental,0.0307,0.2533,0.4455,0,0,0.7
mentally,0.0189,0.0596,0.4236,0,0,0.7
merely,0.0181,0.019,0.626,0,0,0.7
merge,0.1003,0.3782,0.4024,0,0,0.7
message,0.0598,0.0657,0.434,0,0,0.7
met,0.1263,0.2206,0.5201,0,0,0.7
metabolize,0.0137,0.089,0.5776,0,0,0.7
method,0.0356,0.0924,0.3783,0,0,0.7
methodology,0.0247,0.065,0.5131,0,0,0.7
Microsoft,0.8701,0.2862,0.0728,0,0,0.7
mid,0.0255,0.0809,0.5615,0,0,0.7
middle,0.0457,0.0359,0.5883,0,0,0.7
might,0.0136,0.0266,0.6219,0,0,0.7
milestone,0.1128,0.1966,0.3622,0,0,0.7
military,0.2112,0.8582,0.2908,0,0,0.7
min,0.1573,0.1345,0.4106,0,0,0.7
Mind,0.0512,0.0814,0.4984,0,0,0.7
MINDEF,0.9026,0.8025,0.0419,0,0.8,0.1
minds,0.072,0.0243,0.356,0,0,0.7
Mindset,0.0829,0.1935,0.3827,0,0,0.7
Mindset36,,,,0,0,0.7
minimal,0.0191,0.0392,0.7068,0,0,0.7
minimisation,0.066,0.2613,0.2807,0,0,0.7
minimise,0.0208,0.1736,0.5184,0,0,0.7
Minimize,0.0231,0.3209,0.6686,0,0,0.7
minimizing,0.0469,0.2663,0.5513,0,0,0.7
Minimum,0.0728,0.0815,0.7171,0,0,0.7
Minute,0.0499,0.0439,0.7251,0,0,0.7
minutes,0.0174,0.0618,0.7363,0,0,0.7
Misalignment,0.0746,0.1509,0.4208,0,0,0.7
Misalignment67,,,,0,0,0.7
Misjudge,0.0223,0.025,0.5044,0,0,0.7
misleading,0.0423,0.3056,0.367,0,0,0.7
miss,0.049,0.021,0.3498,0,0,0.7
missed,0.0171,0.034,0.4173,0,0,0.7
missing,0.0484,0.1,0.1539,0,0,0.7
Mission,0.1613,0.604,0.6337,0,0,0.7
Mistake,0.0124,0.0267,0.7097,0,0,0.7
Mistake65,,,,0,0,0.7
mistakes,0.0202,0.0356,0.6613,0,0,0.7
misunderstand,0.0159,0.0245,0.3554,0,0,0.7
misunderstandings,0.0162,0.0398,0.6334,0,0,0.7
mitigate,0.0229,0.5072,0.6041,0,0,0.7
Mitigation,0.0576,0.6116,0.3782,0,0,0.7
mitigations,0.0496,0.4551,0.3505,0,0,0.7
Mix,0.0422,0.2123,0.3647,0,0,0.7
Mixed,0.0851,0.2057,0.3026,0,0,0.7
mobilisation,0.208,0.6838,0.2429,0,0.8,0.1
mobilised,0.0254,0.7116,0.4822,0,0.8,0.1
mobilization,0.1517,0.7429,0.3601,0,0.8,0.1
Mode,0.0993,0.2854,0.474,0,0,0.7
Model,0.2091,0.1519,0.3199,0,0,0.7
Model54,,,,0,0,0.7
models,0.1434,0.2726,0.2384,0,0,0.7
modes,0.0596,0.5304,0.4427,0,0,0.7
modified,0.0459,0.1838,0.41,0,0,0.7
modularity,0.1007,0.1876,0.2086,0,0,0.7
modules,0.1028,0.1359,0.2508,0,0,0.7
moment,0.0171,0.0216,0.6577,0,0,0.7
moments,0.0288,0.0454,0.4851,0,0,0.7
Momentum,0.0332,0.1512,0.2597,0,0,0.7
monitoring,0.1237,0.6156,0.2771,0,0,0.7
monocultures,0.0507,0.1973,0.1959,0,0,0.7
Monolithic,0.2472,0.1662,0.3011,0,0,0.7
months,0.0197,0.0622,0.7384,0,0,0.7
more,0.0169,0.054,0.5729,0,0,0.7
most,0.0335,0.0396,0.5769,0,0,0.7
Motivation,0.0331,0.1399,0.6777,0,0,0.7
move,0.0152,0.3217,0.7205,0,0,0.7
moves,0.0254,0.1322,0.7716,0,0,0.7
MR,0.2862,0.4489,0.1013,0,0,0.7
much,0.0244,0.0581,0.744,0,0,0.7
multi,0.1253,0.2087,0.3992,0,0,0.7
Multiple,0.0319,0.2947,0.7457,0,0,0.7
multiply,0.0184,0.0565,0.6046,0,0,0.7
Must,0.0277,0.0414,0.714,0,0,0.7
mutated,0.069,0.212,0.121,0,0,0.7
Mutation,0.1266,0.514,0.2845,0,0,0.7
MVP,0.5147,0.3268,0.2677,0,0,0.7
My,,,,0,0,0.7
N,0.1167,0.089,0.3227,0,0,0.7
Name,0.2139,0.0241,0.6632,0,0,0.7
Names,0.166,0.0229,0.5944,0,0,0.7
Naming,0.2006,0.2117,0.5541,0,0,0.7
Naming39,,,,0,0,0.7
narrow,0.017,0.0988,0.5363,0,0,0.7
Narrowing,0.032,0.1187,0.4239,0,0,0.7
narrows,0.039,0.1242,0.3926,0,0,0.7
National,0.2242,0.3976,0.3922,0,0,0.7
Native,0.086,0.0906,0.5727,0,0,0.7
natural,0.0151,0.0437,0.565,0,0,0.7
naturally,0.0125,0.0216,0.6568,0,0,0.7
navigable,0.0337,0.499,0.4058,0,0,0.7
navigation,0.045,0.1755,0.6321,0,0,0.7
necessary,0.0126,0.0667,0.7318,0,0,0.7
need,0.0122,0.0732,0.6656,0,0,0.7
Needed,0.0131,0.0451,0.6432,0,0,0.7
Needed11,,,,0,0,0.7
needing,0.0404,0.1129,0.3631,0,0,0.7
needs,0.0291,0.1308,0.6412,0,0,0.7
negative,0.0407,0.0463,0.5491,0,0,0.7
negotiable,0.0566,0.2576,0.4158,0,0,0.7
negotiables,0.0627,0.0615,0.3468,0,0,0.7
Neither,0.038,0.0371,0.5435,0,0,0.7
Network,0.1928,0.6178,0.444,0,0,0.7
Network42,,,,0,0,0.7
networks,0.1123,0.4344,0.2625,0,0,0.7
neutral,0.0377,0.0484,0.6746,0,0,0.7
never,0.0208,0.1285,0.5042,0,0,0.7
new,0.0445,0.2732,0.6418,0,0,0.7
Newcomer,0.0932,0.0275,0.6094,0,0,0.7
newcomers,0.1159,0.0478,0.36,0,0,0.7
next,0.0437,0.0779,0.5967,0,0,0.7
No,0.1148,0.0784,0.2261,0,0,0.7
Nobody,0.1014,0.0219,0.6568,0,0,0.7
Node,0.2923,0.1916,0.2653,0,0,0.7
noise,0.0112,0.0399,0.513,0,0,0.7
Non,0.087,0.0995,0.4052,0,0,0.7
normal,0.0275,0.0575,0.4202,0,0,0.7
normally,0.0129,0.0245,0.6501,0,0,0.7
norming,0.029,0.2585,0.423,0,0,0.7
norms,0.0244,0.1072,0.6551,0,0,0.7
Not,0.0317,0.0233,0.5486,0,0,0.7
NOTAMs,0.2708,0.7183,0.1851,0,0,0.7
Note,0.0351,0.0325,0.5269,0,0,0.7
Notes,0.039,0.0271,0.6054,0,0,0.7
nothing,0.0212,0.024,0.4059,0,0,0.7
notice,0.0243,0.0796,0.3813,0,0,0.7
notifying,0.0166,0.0515,0.3101,0,0,0.7
novices,0.0258,0.0436,0.2284,0,0,0.7
now,0.0282,0.0717,0.7481,0,0,0.7
NS,0.4344,0.5504,0.1145,0,0.8,0.1
NSF,0.646,0.4893,0.0463,0,0.8,0.1
NSmen,0.7114,0.6431,0.1113,0,0.8,0.1
number,0.0338,0.0884,0.6627,0,0,0.7
numbered,0.1231,0.1485,0.6052,0,0,0.7
Numbers,0.0716,0.075,0.4781,0,0,0.7
N²,0.1487,0.0748,0.0943,0,0,0.7
objective,0.0456,0.2661,0.5826,0,0,0.7
obligations,0.0472,0.2639,0.4901,0,0,0.7
observability,0.112,0.7273,0.1311,0,0,0.7
Observable,0.1087,0.4867,0.2764,0,0,0.7
observation,0.0661,0.0747,0.2923,0,0,0.7
Observe,0.0256,0.1834,0.3056,0,0,0.7
observed,0.0237,0.0692,0.4796,0,0,0.7
obsolete,0.0168,0.1276,0.3712,0,0,0.7
obstruct,0.023,0.5513,0.3906,0,0,0.7
obstructs,0.0176,0.4487,0.33,0,0,0.7
obtained,0.0203,0.1248,0.5547,0,0,0.7
occur,0.0129,0.0728,0.6358,0,0,0.7
Odd,0.0522,0.0235,0.3546,0,0,0.7
OF,,,,0,0,0.7
off,0.0727,0.1658,0.4226,0,0,0.7
Office,0.203,0.1247,0.4389,0,0,0.7
Officer,0.0514,0.6273,0.4128,0,0,0.7
OFFICIAL,0.3477,0.3376,0.3095,0,0,0.7
Offs,0.1799,0.1584,0.2833,0,0,0.7
often,0.0134,0.0364,0.7066,0,0,0.7
OGP,0.5247,0.2681,0.0689,0.8,0.8,0.1
old,0.0082,0.0207,0.5929,0,0,0.7
on,,,,0,0,0.7
Onboarding,0.1017,0.2093,0.6366,0,0,0.7
Once,0.0174,0.0406,0.7047,0,0,0.7
One,0.0759,0.0941,0.754,0,0,0.7
onerous,0.0141,0.3924,0.3138,0,0,0.7
ones,0.084,0.1121,0.4105,0,0,0.7
ongoing,0.0295,0.1561,0.576,0,0,0.7
Only,0.0276,0.0352,0.772,0,0,0.7
onto,0.1088,0.2311,0.4087,0,0,0.7
OODA,0.5357,0.7931,0.0587,0,0,0.7
op,0.1113,0.3759,0.4327,0,0,0.7
open,0.0454,0.2139,0.5835,0,0,0.7
OpenAI,0.8747,0.1377,0.0621,0,0,0.7
Operate,0.0201,0.4524,0.6316,0,0,0.7
operates,0.0206,0.4139,0.6161,0,0,0.7
Operating,0.0753,0.4252,0.6504,0,0,0.7
operation,0.1061,0.4752,0.455,0,0,0.7
Operational,0.0616,0.6298,0.4652,0,0,0.7
operationalized,0.1004,0.6618,0.2107,0,0,0.7
operationally,0.0504,0.5181,0.3847,0,0,0.7
OPERATIONS,0.1794,0.5899,0.3253,0,0,0.7
Operations46,,,,0,0,0.7
operator,0.037,0.4419,0.5061,0,0,0.7
operators,0.1208,0.5826,0.3592,0,0,0.7
opinion,0.0357,0.0544,0.6239,0,0,0.7
opportunity,0.0258,0.0938,0.4161,0,0,0.7
opposed,0.0268,0.3043,0.5092,0,0,0.7
opposite,0.0152,0.0561,0.5131,0,0,0.7
Ops,0.2178,0.5064,0.4083,0,0,0.7
Ops36,,,,0,0,0.7
optimal,0.0209,0.1507,0.3155,0,0,0.7
optimization,0.0292,0.2181,0.2646,0,0,0.7
optimize,0.0193,0.2494,0.491,0,0,0.7
optimized,0.0274,0.1137,0.4445,0,0,0.7
option,0.0755,0.1063,0.4145,0,0,0.7
optional,0.0542,0.1712,0.5642,0,0,0.7
Optionality,0.051,0.2569,0.3068,0,0,0.7
optionally,0.0298,0.0237,0.3888,0,0,0.7
options,0.0602,0.1405,0.3558,0,0,0.7
OQ,0.5037,0.561,0.0708,0,0,0.7
or,,,,0,0,0.7
order,0.0246,0.2068,0.6783,0,0,0.7
organic,0.0388,0.1216,0.5044,0,0,0.7
organically,0.022,0.0358,0.3202,0,0,0.7
organisational,0.1819,0.3653,0.313,0,0,0.7
Orient,0.1016,0.4302,0.3582,0,0,0.7
orientation,0.0212,0.1126,0.414,0,0,0.7
original,0.0981,0.0694,0.5259,0,0,0.7
ORNS,0.5086,0.5852,0.0403,0,0.8,0.1
oscillate,0.0157,0.2398,0.4862,0,0,0.7
oscillating,0.0214,0.2255,0.2922,0,0,0.7
OSN,0.5455,0.3506,0.0273,0,0.8,0.1
other,0.0615,0.0667,0.2404,0,0,0.7
others,0.0624,0.0611,0.2724,0,0,0.7
otherwise,0.0183,0.0644,0.7124,0,0,0.7
our,,,,0,0,0.7
out,0.0479,0.2025,0.5343,0,0,0.7
outage,0.0511,0.1629,0.4071,0,0,0.7
outcome,0.0556,0.5438,0.4873,0,0,0.7
outcomes,0.0848,0.1917,0.542,0,0,0.7
outfit,0.1051,0.1692,0.5943,0,0,0.7
outperform,0.0387,0.1857,0.2027,0,0,0.7
output,0.0291,0.0638,0.4637,0,0,0.7
Outputs,0.0597,0.1389,0.582,0,0,0.7
outranks,0.0355,0.1729,0.272,0,0,0.7
outset,0.0482,0.1061,0.3619,0,0,0.7
Outside,0.0957,0.0628,0.3263,0,0,0.7
outsiders,0.1227,0.0591,0.3189,0,0,0.7
Outsourced,0.1287,0.2586,0.4551,0,0,0.7
Outsourced31,,,,0,0,0.7
Over,0.0491,0.1434,0.7562,0,0,0.7
overdo,0.0182,0.0307,0.478,0,0,0.7
overestimate,0.0201,0.0246,0.391,0,0,0.7
overestimating,0.021,0.0841,0.4275,0,0,0.7
overhead,0.0323,0.0718,0.4101,0,0,0.7
Overlap,0.0653,0.0774,0.5325,0,0,0.7
Overload,0.0634,0.2871,0.504,0,0,0.7
override,0.0465,0.337,0.3401,0,0,0.7
oversight,0.0322,0.3324,0.4547,0,0,0.7
overwrite,0.0325,0.073,0.5229,0,0,0.7
owls,0.0228,0.0331,0.6345,0,0,0.7
Own,0.1393,0.1521,0.5762,0,0,0.7
Owner,0.1156,0.1253,0.5259,0,0,0.7
Owners,0.2115,0.2762,0.4404,0,0,0.7
ownership,0.0376,0.1121,0.5028,0,0,0.7
owns,0.0338,0.0489,0.6635,0,0,0.7
Paced,0.1021,0.1096,0.349,0,0,0.7
Page,0.0196,0.021,0.9177,0,0,0.7
Pain,0.0145,0.0298,0.6519,0,0,0.7
Pair,0.158,0.071,0.4843,0,0,0.7
pairs,0.1281,0.2444,0.4822,0,0,0.7
pairwise,0.0677,0.1575,0.508,0,0,0.7
paper,0.0406,0.0501,0.4634,0,0,0.7
paperwork,0.0239,0.0286,0.5049,0,0,0.7
para,0.2353,0.3761,0.5596,0,0,0.7
Paradigm,0.1142,0.2952,0.3279,0,0,0.7
Parallel,0.059,0.2558,0.5119,0,0,0.7
Paralysis,0.0395,0.2126,0.413,0,0,0.7
Paralysis54,,,,0,0,0.7
paralyzing,0.0175,0.1341,0.2222,0,0,0.7
parameter,0.0432,0.1366,0.5994,0,0,0.7
Part,0.0226,0.0528,0.6078,0,0,0.7
Partial,0.0884,0.2161,0.3722,0,0,0.7
participates,0.0131,0.089,0.6503,0,0,0.7
participation,0.0151,0.1049,0.4762,0,0,0.7
parties,0.106,0.0727,0.4566,0,0,0.7
partner,0.1277,0.2217,0.512,0,0,0.7
partners,0.1554,0.1316,0.4677,0,0,0.7
parts,0.0426,0.1938,0.374,0,0,0.7
pass,0.0219,0.1655,0.5242,0,0,0.7
passes,0.0171,0.0388,0.5198,0,0,0.7
Passing,0.0108,0.044,0.3376,0,0,0.7
passive,0.0247,0.1223,0.7133,0,0,0.7
passively,0.0216,0.0937,0.2765,0,0,0.7
past,0.018,0.0252,0.71,0,0,0.7
path,0.0776,0.1691,0.4759,0,0,0.7
paths,0.1033,0.5088,0.4308,0,0,0.7
Patience,0.0193,0.0161,0.3374,0,0,0.7
Pattern,0.0716,0.2416,0.5683,0,0,0.7
Patterns,0.0578,0.163,0.565,0,0,0.7
Patterns63,,,,0,0,0.7
pause,0.0128,0.0599,0.5099,0,0,0.7
Pauses,0.019,0.0375,0.6901,0,0,0.7
pay,0.0181,0.0756,0.3372,0,0,0.7
payoff,0.0349,0.0921,0.5428,0,0,0.7
PC,0.3477,0.3487,0.1524,0,0,0.7
peace,0.0171,0.2131,0.3621,0,0,0.7
Peacetime,0.0809,0.4187,0.4631,0,0,0.7
peactime,0.2499,0.103,0.0388,0,0,0.7
peak,0.0177,0.0719,0.4519,0,0,0.7
peaks,0.0672,0.1328,0.3105,0,0,0.7
peer,0.047,0.1157,0.6907,0,0,0.7
Pending,0.118,0.1655,0.2973,0,0,0.7
people,0.0218,0.0735,0.6629,0,0,0.7
per,0.0638,0.2705,0.4983,0,0,0.7
perceived,0.018,0.0416,0.5846,0,0,0.7
perfect,0.0462,0.0482,0.3814,0,0,0.7
perfected,0.02,0.0812,0.2643,0,0,0.7
perfection,0.0167,0.0529,0.3811,0,0,0.7
Performance,0.0321,0.0879,0.6312,0,0,0.7
period,0.0267,0.3205,0.5118,0,0,0.7
periods,0.0238,0.2581,0.6058,0,0,0.7
permanent,0.0403,0.0628,0.5013,0,0,0.7
persistence,0.0265,0.2105,0.2913,0,0,0.7
persistent,0.0405,0.4389,0.4377,0,0,0.7
person,0.02,0.0165,0.6488,0,0,0.7
personal,0.034,0.0435,0.66,0,0,0.7
personnel,0.0777,0.5864,0.52,0,0,0.7
perspective,0.0205,0.1593,0.4997,0,0,0.7
Phase,0.0498,0.2631,0.6626,0,0,0.7
Phase24,,,,0,0,0.7
Phases,0.1312,0.2494,0.5609,0,0,0.7
picture,0.0209,0.0252,0.7389,0,0,0.7
Pink,0.2708,0.0457,0.3448,0,0,0.7
Pipeline,0.2602,0.515,0.3323,0,0,0.7
pipelines,0.187,0.5066,0.3149,0,0,0.7
PITFALLS,0.0839,0.2039,0.5471,0,0,0.7
pixel,0.0622,0.1041,0.146,0,0,0.7
place,0.0396,0.0565,0.5975,0,0,0.7
PLACEHOLDER,0.1334,0.0466,0.1078,0,0,0.7
plan,0.0703,0.3558,0.6004,0,0,0.7
planned,0.0422,0.1275,0.5199,0,0,0.7
Planning,0.0599,0.2181,0.6936,0,0,0.7
Planning49,,,,0,0,0.7
plans,0.0466,0.2697,0.5281,0,0,0.7
Platform,0.5381,0.2397,0.2786,0,0,0.7
plausible,0.0099,0.0308,0.5339,0,0,0.7
plus,0.0609,0.0547,0.324,0,0,0.7
PM,0.1396,0.4906,0.3103,0,0,0.7
PM52,0.7352,0.5479,0.1326,0,0,0.7
PMs,0.1664,0.3467,0.1599,0,0,0.7
PO,0.2435,0.3876,0.2374,0,0,0.7
PoCs,0.3004,0.6044,0.0596,0,0,0.7
point,0.0504,0.1034,0.6477,0,0,0.7
Points,0.1779,0.4587,0.3827,0,0,0.7
Points43,,,,0,0,0.7
policies,0.1087,0.4024,0.3967,0,0,0.7
policy,0.1614,0.3832,0.3415,0,0,0.7
polish,0.2405,0.1294,0.2965,0,0,0.7
polished,0.0156,0.0255,0.5858,0,0,0.7
polishing,0.0131,0.0904,0.5047,0,0,0.7
pool,0.0545,0.1862,0.4451,0,0,0.7
possible,0.0371,0.1085,0.5943,0,0,0.7
Post,0.0888,0.2811,0.6699,0,0,0.7
PostMVP,0.4797,0.2766,0.0748,0,0,0.7
Postops,0.246,0.4412,0.0833,0,0,0.7
posture,0.0701,0.5018,0.4303,0,0,0.7
Potential,0.1536,0.3263,0.2904,0,0,0.7
Power,0.1,0.4241,0.5744,0,0,0.7
PPCoE,0.7971,0.3754,0.0413,0.8,0.8,0.1
PR,0.2843,0.5951,0.2506,0,0,0.7
Practical,0.0194,0.1223,0.552,0,0,0.7
practice,0.0147,0.0951,0.4718,0,0,0.7
practiced,0.0122,0.1067,0.7856,0,0,0.7
practices,0.0371,0.3011,0.6163,0,0,0.7
PRD,0.6513,0.3097,0.1242,0,0,0.7
Pre,0.048,0.2129,0.6974,0,0,0.7
precede,0.0201,0.0931,0.5986,0,0,0.7
precisely,0.0314,0.0911,0.5071,0,0,0.7
preconceptions,0.0372,0.0345,0.2605,0,0,0.7
precondition,0.0684,0.083,0.4419,0,0,0.7
predict,0.0233,0.196,0.3742,0,0,0.7
predictable,0.0132,0.0449,0.4699,0,0,0.7
preference,0.0234,0.0413,0.4161,0,0,0.7
preferences,0.0241,0.0496,0.5253,0,0,0.7
Preferred,0.1077,0.0861,0.3672,0,0,0.7
prem,0.1634,0.4328,0.3639,0,0,0.7
premature,0.0133,0.0945,0.4484,0,0,0.7
premise,0.1891,0.2737,0.5241,0,0,0.7
Premortem,0.1745,0.3059,0.3349,0,0,0.7
premortems,0.1941,0.5502,0.2121,0,0,0.7
PreOps,0.4285,0.4825,0.208,0,0,0.7
Prep,0.0525,0.2126,0.4765,0,0,0.7
preparation,0.023,0.3144,0.587,0,0,0.7
PREPARATION15,0.4438,0.2031,0.6139,0,0,0.7
Prepare,0.0125,0.0816,0.7285,0,0,0.7
prerequisite,0.0662,0.3368,0.5382,0,0,0.7
prescriptions,0.0568,0.1429,0.4942,0,0,0.7
present,0.047,0.0842,0.5156,0,0,0.7
Preserve,0.0328,0.1845,0.4048,0,0,0.7
Preserving,0.0194,0.1657,0.5001,0,0,0.7
Pressure,0.0257,0.1161,0.644,0,0,0.7
pretend,0.0097,0.036,0.7442,0,0,0.7
prevent,0.0362,0.3727,0.4343,0,0,0.7
preventing,0.0219,0.1984,0.4213,0,0,0.7
prevents,0.0124,0.0752,0.4322,0,0,0.7
previous,0.0522,0.0817,0.6943,0,0,0.7
previously,0.0175,0.0973,0.6752,0,0,0.7
Priciple,0.0767,0.2561,0.0548,0,0,0.7
Primary,0.0962,0.0864,0.5506,0,0,0.7
Primed,0.2717,0.2873,0.2993,0,0,0.7
Principle,0.042,0.0811,0.4934,0,0,0.7
Principle25,,,,0,0,0.7
Principle61,,,,0,0,0.7
Principle68,,,,0,0,0.7
Principles,0.1288,0.3124,0.5471,0,0,0.7
Principles39,,,,0,0,0.7
Principles41,,,,0,0,0.7
Principles55,,,,0,0,0.7
Principles57,,,,0,0,0.7
prior,0.0243,0.1051,0.4808,0,0,0.7
priorities,0.0492,0.3608,0.664,0,0,0.7
prioritization,0.0888,0.2489,0.5236,0,0,0.7
Prioritize,0.027,0.2664,0.3509,0,0,0.7
priority,0.0278,0.2858,0.5292,0,0,0.7
privilege,0.0678,0.6324,0.3784,0,0,0.7
Probabilistic,0.0551,0.2433,0.1061,0,0,0.7
probable,0.0559,0.0743,0.291,0,0,0.7
Problem,0.0289,0.075,0.7584,0,0,0.7
Problem64,,,,0,0,0.7
problems,0.0236,0.2467,0.6053,0,0,0.7
PROCEDURE,0.0652,0.2339,0.3595,0,0,0.7
Procedure63,,,,0,0,0.7
procedures,0.0707,0.5085,0.3693,0,0,0.7
proceed,0.0109,0.084,0.3157,0,0,0.7
proceeding,0.0239,0.1921,0.4451,0,0,0.7
process,0.0244,0.1217,0.7013,0,0,0.7
processes,0.0426,0.1095,0.586,0,0,0.7
Processing,0.0395,0.1489,0.4063,0,0,0.7
Processing37,,,,0,0,0.7
produce,0.0136,0.1287,0.6523,0,0,0.7
produces,0.0174,0.0713,0.5884,0,0,0.7
producing,0.0174,0.1559,0.6663,0,0,0.7
Product,0.2151,0.0856,0.6135,0,0,0.7
production,0.1226,0.3367,0.3608,0,0,0.7
products,0.236,0.1556,0.5121,0,0,0.7
professionally,0.0219,0.0283,0.3476,0,0,0.7
programmer,0.0123,0.0419,0.3433,0,0,0.7
progress,0.0129,0.1421,0.4998,0,0,0.7
progressive,0.0428,0.1549,0.2585,0,0,0.7
progressively,0.0282,0.1119,0.3342,0,0,0.7
project,0.1793,0.1388,0.5102,0,0,0.7
projects,0.406,0.1651,0.2352,0,0,0.7
promises,0.0167,0.0258,0.6981,0,0,0.7
prompt,0.1022,0.0493,0.4911,0,0,0.7
Prompts,0.1578,0.109,0.6013,0,0,0.7
Prompts29,,,,0,0,0.7
proofing,0.0628,0.3479,0.2748,0,0,0.7
Propagate,0.0322,0.1765,0.2608,0,0,0.7
Propagation,0.0621,0.3253,0.4045,0,0,0.7
Property,0.0586,0.1268,0.509,0,0,0.7
Proportion,0.0295,0.2047,0.725,0,0,0.7
propose,0.0135,0.1258,0.5797,0,0,0.7
proposing,0.0164,0.2265,0.327,0,0,0.7
prose,0.0397,0.0215,0.4562,0,0,0.7
Protect,0.0162,0.3234,0.2959,0,0,0.7
Prototype,0.2354,0.1284,0.3071,0,0,0.7
Prototypes,0.0841,0.2606,0.369,0,0,0.7
Prototyping,0.1007,0.4213,0.4958,0,0,0.7
Prototyping61,,,,0,0,0.7
Prove,0.0252,0.1178,0.513,0,0,0.7
proven,0.0347,0.1469,0.5106,0,0,0.7
provide,0.0202,0.0777,0.5808,0,0,0.7
provided,0.1747,0.1139,0.3048,0,0,0.7
providers,0.1288,0.1161,0.2827,0,0,0.7
provides,0.0191,0.0805,0.5046,0,0,0.7
provision,0.0905,0.3249,0.3573,0,0,0.7
provisioned,0.0794,0.4664,0.1787,0,0,0.7
provisioning,0.0811,0.5087,0.33,0,0,0.7
provokes,0.0112,0.2739,0.5349,0,0,0.7
Proximal,0.0435,0.1612,0.3189,0,0,0.7
proximity,0.0333,0.0968,0.5731,0,0,0.7
PRs,0.2199,0.3454,0.2691,0,0,0.7
Psychological,0.0257,0.289,0.1865,0,0,0.7
Psychology,0.3371,0.0471,0.3935,0,0,0.7
Psychology56,,,,0,0,0.7
pull,0.0967,0.5366,0.5641,0,0,0.7
pulling,0.0362,0.2673,0.6093,0,0,0.7
punish,0.0115,0.2316,0.5877,0,0,0.7
pure,0.0447,0.21,0.3104,0,0,0.7
purely,0.0336,0.0321,0.3374,0,0,0.7
Purpose,0.0711,0.2464,0.6881,0,0,0.7
Purpose44,,,,0,0,0.7
Purpose48,,,,0,0,0.7
push,0.0666,0.4047,0.7127,0,0,0.7
Putting,0.0273,0.0736,0.4615,0,0,0.7
Q1,0.2657,0.1619,0.2462,0,0,0.7
Q2,0.2051,0.1941,0.2684,0,0,0.7
Q3,0.3475,0.3866,0.1587,0,0,0.7
Q4,0.2664,0.2302,0.1933,0,0,0.7
Q5,0.3035,0.189,0.2495,0,0,0.7
Q6,0.2624,0.1547,0.2791,0,0,0.7
Quadrant,0.1099,0.2646,0.3058,0,0,0.7
Quality,0.0379,0.0939,0.6546,0,0,0.7
Question,0.0896,0.0369,0.4307,0,0,0.7
Questioned,0.0336,0.0343,0.3101,0,0,0.7
questions,0.0585,0.0909,0.5039,0,0,0.7
queues,0.0773,0.3102,0.3117,0,0,0.7
Quick,0.0427,0.1255,0.5735,0,0,0.7
quickly,0.0096,0.0403,0.5612,0,0,0.7
Quotient,0.1492,0.3944,0.4483,0,0,0.7
R,0.3176,0.2709,0.3781,0,0,0.7
Raid,0.5675,0.3991,0.1197,0.8,0.8,0.1
RaidDocument,0.5968,0.5151,0.1386,0,0,0.7
Raiders,0.692,0.6494,0.1734,0.1,0.8,0.1
Raise,0.0619,0.2823,0.6208,0,0,0.7
ramp,0.0316,0.1815,0.4322,0,0,0.7
ramps,0.0571,0.2169,0.3049,0,0,0.7
rank,0.0248,0.5225,0.3193,0,0,0.7
ranked,0.0747,0.1103,0.5272,0,0,0.7
RAP,0.6712,0.6746,0.1403,0,0,0.7
RAP37,0.7174,0.3408,0.0644,0,0,0.7
RAP64,0.741,0.3948,0.1066,0,0,0.7
Rapid,0.0763,0.4274,0.5572,0,0,0.7
rapidly,0.0184,0.3025,0.4074,0,0,0.7
rapport,0.0336,0.3415,0.3613,0,0,0.7
Raptor,0.6916,0.6828,0.1323,0,0,0.7
Raptors,0.6218,0.4846,0.0954,0,0,0.7
Rather,0.1395,0.0591,0.4981,0,0,0.7
Rating,0.1772,0.2365,0.3859,0,0,0.7
Rating52,,,,0,0,0.7
ratio,0.101,0.1994,0.3597,0,0,0.7
rationale,0.0515,0.036,0.5226,0,0,0.7
ratios,0.0753,0.266,0.5803,0,0,0.7
re,0.0349,0.1126,0.6035,0,0,0.7
reach,0.0355,0.1453,0.4499,0,0,0.7
reachable,0.05,0.3693,0.4521,0,0,0.7
reached,0.0297,0.0731,0.5843,0,0,0.7
reaches,0.0179,0.0668,0.61,0,0,0.7
React,0.6459,0.2072,0.0779,0,0,0.7
reactively,0.0233,0.2833,0.3715,0,0,0.7
read,0.0102,0.0557,0.6933,0,0,0.7
reader,0.0386,0.033,0.4765,0,0,0.7
READINESS,0.0636,0.1433,0.3547,0,0,0.7
Readiness45,,,,0,0,0.7
Reading,0.0299,0.0485,0.7175,0,0,0.7
ready,0.0287,0.2203,0.4889,0,0,0.7
real,0.013,0.0388,0.6384,0,0,0.7
realign,0.0445,0.3124,0.4718,0,0,0.7
reality,0.0179,0.107,0.3666,0,0,0.7
Reason,0.0505,0.17,0.746,0,0,0.7
reasonable,0.011,0.0645,0.2766,0,0,0.7
reasoning,0.0294,0.1183,0.4024,0,0,0.7
reassert,0.0197,0.2619,0.3431,0,0,0.7
reassignment,0.1014,0.4004,0.2997,0,0,0.7
recall,0.0883,0.3054,0.3462,0,0,0.7
Recalling,0.0234,0.0985,0.5211,0,0,0.7
Recalling55,,,,0,0,0.7
receipt,0.0373,0.0541,0.5625,0,0,0.7
receive,0.0149,0.1281,0.5356,0,0,0.7
received,0.012,0.0291,0.6042,0,0,0.7
Recognition,0.1269,0.5606,0.4164,0,0,0.7
recognize,0.0155,0.2501,0.4306,0,0,0.7
recognizing,0.0221,0.1831,0.2814,0,0,0.7
recommend,0.0199,0.1068,0.4135,0,0,0.7
Recommendation,0.0272,0.1143,0.5832,0,0,0.7
recommendations,0.0669,0.1481,0.5145,0,0,0.7
recommended,0.0658,0.2565,0.5398,0,0,0.7
reconstruct,0.0255,0.1465,0.6189,0,0,0.7
Reconversion,0.1555,0.2165,0.3541,0,0,0.7
Reconversion51,,,,0,0,0.7
record,0.0225,0.0561,0.5706,0,0,0.7
recovered,0.0351,0.2509,0.521,0,0,0.7
recovery,0.029,0.3215,0.6046,0,0,0.7
recreates,0.0283,0.1959,0.5947,0,0,0.7
Recruitment,0.0942,0.2997,0.4119,0,0,0.7
recurring,0.0251,0.1205,0.5065,0,0,0.7
Red,0.0426,0.0425,0.5884,0,0,0.7
REDACTED,0.1914,0.1256,0.0961,0,0,0.7
redesigning,0.0301,0.1728,0.2158,0,0,0.7
redirected,0.0532,0.1354,0.3594,0,0,0.7
Reduce,0.0164,0.4247,0.7457,0,0,0.7
reduced,0.0219,0.2803,0.545,0,0,0.7
Reduces,0.0253,0.1595,0.697,0,0,0.7
redundancy,0.036,0.3984,0.4,0,0,0.7
Refactor,0.0245,0.1523,0.6245,0,0,0.7
refactored,0.0466,0.1248,0.4036,0,0,0.7
Refactoring,0.0642,0.3088,0.6861,0,0,0.7
Refer,0.0825,0.1836,0.439,0,0,0.7
Reference,0.1241,0.175,0.453,0,0,0.7
Reference61,,,,0,0,0.7
references,0.1287,0.1132,0.4341,0,0,0.7
refers,0.0366,0.1855,0.6352,0,0,0.7
refine,0.0255,0.0707,0.5275,0,0,0.7
refinement,0.0917,0.1876,0.2811,0,0,0.7
refinements,0.1151,0.1706,0.3241,0,0,0.7
refines,0.0165,0.0962,0.4015,0,0,0.7
refining,0.0165,0.2069,0.3307,0,0,0.7
reflection,0.0199,0.0709,0.3275,0,0,0.7
REG,0.3262,0.7465,0.3367,0,0.8,0.1
regardless,0.0219,0.0515,0.6409,0,0,0.7
region,0.2305,0.2189,0.4952,0,0,0.7
Regular,0.0757,0.226,0.7367,0,0.8,0.1
Regulars,0.2273,0.3404,0.359,0,0.8,0.1
rehearsed,0.0128,0.0882,0.5045,0,0,0.7
reinforce,0.1682,0.7427,0.4652,0,0,0.7
reinforced,0.0978,0.7365,0.3996,0,0,0.7
Reinforcement,0.1434,0.668,0.5435,0,0,0.7
Reinforcement51,,,,0,0,0.7
Reinforcements,0.0965,0.7269,0.3029,0,0,0.7
related,0.0168,0.1016,0.6667,0,0,0.7
Relationship,0.1258,0.4968,0.4214,0,0,0.7
Relationships,0.0913,0.259,0.6438,0,0,0.7
relative,0.0349,0.0736,0.672,0,0,0.7
relatively,0.0152,0.0283,0.4368,0,0,0.7
relevant,0.0616,0.1809,0.5179,0,0,0.7
reliability,0.0532,0.6077,0.3789,0,0,0.7
Reliable,0.0365,0.1148,0.61,0,0,0.7
reliably,0.0354,0.1087,0.6674,0,0,0.7
rely,0.0182,0.0496,0.693,0,0,0.7
remain,0.021,0.1158,0.65,0,0,0.7
remains,0.0229,0.0575,0.5746,0,0,0.7
remember,0.0139,0.0297,0.6943,0,0,0.7
removed,0.0296,0.0998,0.3854,0,0,0.7
removes,0.0164,0.1653,0.6886,0,0,0.7
removing,0.0252,0.2513,0.6583,0,0,0.7
rename,0.0301,0.219,0.6274,0,0,0.7
repeated,0.0134,0.2204,0.8283,0,0,0.7
repeatedly,0.0192,0.2928,0.7549,0,0,0.7
Replace,0.0256,0.0713,0.6427,0,0,0.7
replaces,0.0163,0.091,0.7302,0,0,0.7
replicated,0.0377,0.1999,0.5386,0,0,0.7
repo,0.241,0.1938,0.2583,0,0,0.7
report,0.0156,0.0447,0.6226,0,0,0.7
reporting,0.0334,0.1838,0.4605,0,0,0.7
reports,0.0718,0.2115,0.4894,0,0,0.7
Repository,0.3789,0.43,0.2166,0,0,0.7
reproduces,0.0185,0.2056,0.5404,0,0,0.7
request,0.0307,0.197,0.542,0,0,0.7
require,0.0159,0.1686,0.6179,0,0,0.7
required,0.0268,0.2604,0.5912,0,0,0.7
Requirement,0.0782,0.0845,0.5632,0,0,0.7
requirements,0.105,0.5047,0.5341,0,0,0.7
requires,0.0187,0.3374,0.6112,0,0,0.7
requiring,0.03,0.1288,0.4845,0,0,0.7
research,0.0223,0.1228,0.2667,0,0,0.7
Reserve,0.2464,0.5589,0.3972,0,0,0.7
Reserves,0.2057,0.5016,0.4578,0,0,0.7
reset,0.0636,0.2843,0.6071,0,0,0.7
resets,0.0444,0.0835,0.5217,0,0,0.7
resilience,0.0261,0.3615,0.5049,0,0,0.7
resolution,0.043,0.1397,0.5888,0,0,0.7
resolve,0.0212,0.3228,0.3147,0,0,0.7
resolved,0.0256,0.1889,0.3967,0,0,0.7
resolves,0.015,0.0402,0.5928,0,0,0.7
resort,0.0655,0.1466,0.4053,0,0,0.7
resource,0.0739,0.0582,0.441,0,0,0.7
resources,0.0975,0.1989,0.2875,0,0,0.7
respective,0.0729,0.0905,0.5859,0,0,0.7
respects,0.0162,0.0649,0.6401,0,0,0.7
respond,0.0215,0.2668,0.6154,0,0,0.7
responds,0.0403,0.1204,0.5274,0,0,0.7
response,0.0814,0.2546,0.5818,0,0,0.7
responses,0.1474,0.2214,0.3964,0,0,0.7
Responsibility,0.055,0.21,0.6781,0,0,0.7
Responsibility66,,,,0,0,0.7
responsible,0.0207,0.3294,0.5985,0,0,0.7
responsive,0.0201,0.4439,0.3431,0,0,0.7
rest,0.0577,0.0849,0.4557,0,0,0.7
restates,0.0301,0.0853,0.5178,0,0,0.7
restores,0.022,0.427,0.5874,0,0,0.7
restoring,0.0274,0.3555,0.5003,0,0,0.7
restricted,0.1335,0.5437,0.1886,0,0,0.7
result,0.0219,0.0401,0.6767,0,0,0.7
resume,0.0858,0.0775,0.5028,0,0,0.7
retrospective,0.0327,0.2582,0.5082,0,0,0.7
retrospectives,0.0853,0.2459,0.465,0,0,0.7
return,0.0289,0.216,0.6637,0,0,0.7
reusable,0.0423,0.0988,0.6075,0,0,0.7
reuse,0.0277,0.1018,0.5382,0,0,0.7
Reveal,0.0206,0.0488,0.3086,0,0,0.7
revealing,0.0132,0.0711,0.2787,0,0,0.7
reveals,0.0127,0.0435,0.6745,0,0,0.7
reverse,0.0181,0.3054,0.4779,0,0,0.7
reverses,0.017,0.1076,0.4729,0,0,0.7
reversible,0.0156,0.1353,0.32,0,0,0.7
reversibly,0.027,0.1231,0.2835,0,0,0.7
review,0.0348,0.142,0.7886,0,0,0.7
reviewer,0.0336,0.052,0.5835,0,0,0.7
reviewing,0.0159,0.1006,0.592,0,0,0.7
Reviews,0.1615,0.0726,0.6314,0,0,0.7
revise,0.0198,0.0527,0.6229,0,0,0.7
REVISION,0.0924,0.2542,0.3464,0,0,0.7
rewarded,0.0122,0.0235,0.3943,0,0,0.7
rework,0.0243,0.1718,0.405,0,0,0.7
reworking,0.0281,0.1361,0.328,0,0,0.7
rhythm,0.017,0.1314,0.6626,0,0,0.7
Rhythms,0.084,0.0942,0.328,0,0,0.7
richer,0.0228,0.0936,0.3083,0,0,0.7
right,0.0188,0.0302,0.5803,0,0,0.7
Rights,0.073,0.1366,0.6102,0,0,0.7
rigorous,0.0208,0.1976,0.256,0,0,0.7
rigorously,0.022,0.1821,0.2259,0,0,0.7
rises,0.0128,0.0698,0.6234,0,0,0.7
Risk,0.0655,0.7586,0.5725,0,0,0.7
risks,0.08,0.5138,0.4144,0,0,0.7
Roadmap,0.2359,0.2777,0.5254,0,0,0.7
roadmaps,0.1284,0.3229,0.5038,0,0,0.7
Role,0.034,0.1082,0.6092,0,0,0.7
roles,0.1213,0.317,0.4509,0,0,0.7
rolling,0.101,0.1735,0.5304,0,0,0.7
room,0.0626,0.1924,0.6768,0,0,0.7
rotation,0.0322,0.1599,0.3558,0,0,0.7
rotations,0.051,0.6386,0.5805,0,0,0.7
rough,0.014,0.0582,0.4239,0,0,0.7
roughly,0.0115,0.0302,0.7646,0,0,0.7
routine,0.0093,0.0916,0.5665,0,0,0.7
RPD,0.7908,0.7117,0.076,0,0,0.7
RSAF,0.8562,0.7518,0.0357,0.8,0.8,0.1
Rule,0.0388,0.1375,0.432,0,0,0.7
Rule62,,,,0,0,0.7
Rule63,,,,0,0,0.7
rules,0.125,0.2806,0.3531,0,0,0.7
Run,0.0168,0.1748,0.6013,0,0,0.7
running,0.0098,0.3232,0.524,0,0,0.7
Runs,0.0281,0.1396,0.6959,0,0,0.7
rushes,0.0317,0.1836,0.4795,0,0,0.7
s,0.1069,0.0837,0.4511,0,0,0.7
SaaS,0.3732,0.2957,0.0845,0,0,0.7
SAF,0.747,0.7926,0.0987,0.8,0.8,0.1
safe,0.027,0.2596,0.3046,0,0,0.7
safely,0.0177,0.2085,0.4409,0,0,0.7
safety,0.0358,0.66,0.622,0,0,0.7
said,0.0125,0.0105,0.8726,0,0,0.7
sake,0.1037,0.0527,0.2456,0,0,0.7
salience,0.0526,0.2997,0.3,0,0,0.7
same,0.0295,0.0649,0.8535,0,0,0.7
Sandbox,0.4915,0.4694,0.2083,0,0,0.7
Satisficing,0.1181,0.231,0.2968,0,0,0.7
satisfies,0.0229,0.0697,0.5645,0,0,0.7
say,0.0125,0.0279,0.5197,0,0,0.7
says,0.0273,0.0271,0.4892,0,0,0.7
scaffolding,0.0673,0.1966,0.2331,0,0,0.7
scalability,0.0682,0.4447,0.33,0,0,0.7
Scale,0.0334,0.1145,0.7624,0,0,0.7
Scale39,,,,0,0,0.7
Scaled,0.1684,0.4988,0.5222,0,0,0.7
scales,0.0293,0.0621,0.3315,0,0,0.7
SCALING,0.0888,0.3927,0.4251,0,0,0.7
scan,0.0685,0.7691,0.5963,0,0,0.7
scanning,0.0454,0.5563,0.3669,0,0,0.7
scans,0.0673,0.6808,0.3658,0,0,0.7
Scenario,0.0605,0.37,0.4494,0,0,0.7
scenarios,0.1624,0.4801,0.3512,0,0,0.7
Schedule,0.0506,0.1764,0.7182,0,0,0.7
Scheduled,0.0324,0.1313,0.5346,0,0,0.7
Scheduling,0.0747,0.3032,0.4184,0,0,0.7
schema,0.0961,0.0829,0.3987,0,0,0.7
schemas,0.1357,0.1853,0.2588,0,0,0.7
Scope,0.0467,0.169,0.6416,0,0,0.7
Scope61,,,,0,0,0.7
scored,0.0194,0.0907,0.4174,0,0,0.7
Scout,0.1128,0.4692,0.4397,0,0,0.7
screen,0.0516,0.0955,0.6099,0,0,0.7
screens,0.0835,0.1069,0.3984,0,0,0.7
Scrum,0.6436,0.3182,0.2807,0,0,0.7
scrutiny,0.0156,0.3693,0.3248,0,0,0.7
searchable,0.0628,0.1623,0.4055,0,0,0.7
second,0.0219,0.0832,0.7806,0,0,0.7
Secondary,0.0215,0.1475,0.5363,0,0,0.7
SECTION,0.0959,0.207,0.5609,0,0,0.7
secure,0.0604,0.8331,0.5476,0,0,0.7
Security,0.1001,0.8533,0.5643,0,0,0.7
see,0.0284,0.07,0.4547,0,0,0.7
seek,0.0169,0.1305,0.6225,0,0,0.7
seeking,0.0438,0.1823,0.4661,0,0,0.7
seem,0.0143,0.018,0.6502,0,0,0.7
seen,0.0341,0.0393,0.4939,0,0,0.7
Select,0.0353,0.0843,0.3538,0,0,0.7
selected,0.1369,0.1475,0.3737,0,0,0.7
selection,0.0895,0.1315,0.5375,0,0,0.7
selective,0.0293,0.1641,0.4382,0,0,0.7
selectively,0.0232,0.1667,0.318,0,0,0.7
self,0.1202,0.2092,0.5201,0,0,0.7
Send,0.0182,0.2464,0.4613,0,0,0.7
senior,0.0294,0.074,0.5899,0,0,0.7
sense,0.022,0.1097,0.515,0,0,0.7
sensibility,0.0293,0.0341,0.3227,0,0,0.7
sensitive,0.0573,0.621,0.204,0,0,0.7
separate,0.0185,0.0557,0.6908,0,0,0.7
sequence,0.0456,0.1285,0.4139,0,0,0.7
sequences,0.1383,0.2881,0.2947,0,0,0.7
sequential,0.0731,0.177,0.5866,0,0,0.7
serious,0.0128,0.0978,0.6061,0,0,0.7
serve,0.0212,0.2216,0.4443,0,0,0.7
server,0.191,0.5251,0.5739,0,0,0.7
serves,0.022,0.127,0.6253,0,0,0.7
Service,0.1963,0.3109,0.3697,0,0,0.7
Services,0.1286,0.1797,0.4245,0,0,0.7
session,0.0596,0.1608,0.3994,0,0,0.7
sessions,0.1454,0.1844,0.3768,0,0,0.7
set,0.065,0.2753,0.5202,0,0,0.7
settings,0.1088,0.1144,0.3725,0,0,0.7
settle,0.0175,0.112,0.6809,0,0,0.7
settles,0.0154,0.0321,0.4447,0,0,0.7
Setup,0.0943,0.1411,0.4466,0,0,0.7
several,0.0181,0.0238,0.6996,0,0,0.7
shadowing,0.069,0.5829,0.3238,0,0,0.7
Shaped,0.1496,0.1307,0.2713,0,0,0.7
share,0.0199,0.1738,0.5946,0,0,0.7
Shared,0.03,0.1484,0.6904,0,0,0.7
sharing,0.0242,0.1719,0.4838,0,0,0.7
sharpening,0.0231,0.1343,0.4042,0,0,0.7
sharpest,0.0275,0.1293,0.2647,0,0,0.7
shatters,0.0374,0.1794,0.1505,0,0,0.7
Shift,0.0343,0.2067,0.7235,0,0,0.7
Shift54,,,,0,0,0.7
shifting,0.0322,0.2395,0.4732,0,0,0.7
Shifts,0.0331,0.2377,0.718,0,0,0.7
ship,0.067,0.535,0.4517,0,0,0.7
shipped,0.0149,0.2328,0.6028,0,0,0.7
shipping,0.0584,0.2081,0.4862,0,0,0.7
ships,0.0344,0.1788,0.6263,0,0,0.7
Shock,0.1191,0.2087,0.3902,0,0,0.7
short,0.0189,0.0331,0.7793,0,0,0.7
shortcut,0.0242,0.0416,0.3373,0,0,0.7
shortcuts,0.0247,0.3422,0.47,0,0,0.7
shorter,0.0148,0.0577,0.7071,0,0,0.7
Should,0.0234,0.2361,0.6577,0,0,0.7
show,0.0179,0.0809,0.7306,0,0,0.7
shows,0.0621,0.1296,0.5647,0,0,0.7
Side,0.0326,0.1266,0.6763,0,0,0.7
sides,0.041,0.0489,0.5141,0,0,0.7
sight,0.0165,0.0501,0.5069,0,0,0.7
sign,0.0212,0.229,0.608,0,0,0.7
Signal,0.0672,0.1109,0.3107,0,0,0.7
signals,0.0183,0.1978,0.3539,0,0,0.7
signature,0.0978,0.3191,0.327,0,0,0.7
signed,0.0523,0.1531,0.6259,0,0,0.7
significant,0.0449,0.0978,0.3473,0,0,0.7
significantly,0.0424,0.2365,0.3653,0,0,0.7
Signs,0.0218,0.102,0.4975,0,0,0.7
Silent,0.0353,0.1617,0.4777,0,0,0.7
silently,0.0139,0.054,0.3542,0,0,0.7
similar,0.0325,0.0372,0.728,0,0,0.7
simplify,0.0198,0.0728,0.4035,0,0,0.7
simply,0.0135,0.0178,0.6337,0,0,0.7
simulate,0.0189,0.2334,0.5425,0,0,0.7
simulates,0.0269,0.2823,0.4712,0,0,0.7
simulating,0.0227,0.3179,0.3589,0,0,0.7
Simulation,0.0638,0.2841,0.4016,0,0,0.7
simultaneously,0.0229,0.1141,0.4658,0,0,0.7
Singapore,0.8631,0.1289,0.2311,0,0,0.7
single,0.0566,0.1107,0.6925,0,0,0.7
sirens,0.138,0.468,0.2181,0,0,0.7
site,0.161,0.1873,0.4895,0,0,0.7
situation,0.0463,0.288,0.6596,0,0,0.7
situational,0.1151,0.4712,0.4096,0,0,0.7
Six,0.0401,0.0269,0.8067,0,0,0.7
Size,0.0518,0.2032,0.7464,0,0,0.7
SK,0.6422,0.3674,0.061,0.8,0.8,0.1
skill,0.0225,0.2039,0.5674,0,0,0.7
Skills,0.0322,0.2054,0.4953,0,0,0.7
skillset,0.0255,0.1365,0.4483,0,0,0.7
skip,0.0276,0.0939,0.5483,0,0,0.7
skipped,0.0351,0.0708,0.3279,0,0,0.7
slow,0.0147,0.0517,0.6097,0,0,0.7
slower,0.0152,0.0497,0.6483,0,0,0.7
slows,0.0151,0.0431,0.6747,0,0,0.7
small,0.0338,0.057,0.7292,0,0,0.7
smaller,0.0283,0.0648,0.6213,0,0,0.7
snap,0.273,0.1074,0.3945,0,0,0.7
so,,,,0,0,0.7
Software,0.1056,0.2719,0.545,0,0,0.7
soldier,0.0228,0.7249,0.6487,0,0,0.7
solo,0.0411,0.0991,0.4948,0,0,0.7
Solution,0.1582,0.1803,0.4553,0,0,0.7
solutions,0.0361,0.1563,0.4465,0,0,0.7
solve,0.0182,0.1703,0.6358,0,0,0.7
solved,0.0162,0.1396,0.5746,0,0,0.7
solves,0.0167,0.3607,0.6012,0,0,0.7
solving,0.0161,0.2394,0.5071,0,0,0.7
some,0.0186,0.0199,0.7859,0,0,0.7
someone,0.027,0.0194,0.5996,0,0,0.7
something,0.0185,0.0381,0.3137,0,0,0.7
sometimes,0.0114,0.0119,0.7659,0,0,0.7
sooner,0.1277,0.0648,0.4595,0,0,0.7
sound,0.0277,0.2938,0.5392,0,0,0.7
soundness,0.0582,0.5507,0.2942,0,0,0.7
source,0.0877,0.224,0.4993,0,0,0.7
Sources,0.1049,0.2442,0.6451,0,0,0.7
spacing,0.0532,0.0782,0.4447,0,0,0.7
speaking,0.0151,0.0954,0.7883,0,0,0.7
spec,0.1139,0.1498,0.3091,0,0,0.7
specialised,0.0886,0.4258,0.1627,0,0,0.7
specialist,0.0258,0.1717,0.3693,0,0,0.7
specifically,0.0284,0.0678,0.4493,0,0,0.7
specification,0.0751,0.1299,0.3151,0,0,0.7
specifications,0.0994,0.1091,0.3457,0,0,0.7
specified,0.1579,0.1476,0.3201,0,0,0.7
specify,0.0264,0.0887,0.3942,0,0,0.7
specs,0.061,0.0629,0.3382,0,0,0.7
spectacularly,0.0191,0.082,0.1572,0,0,0.7
speculation,0.02,0.0784,0.1305,0,0,0.7
Speed,0.0529,0.3217,0.5914,0,0,0.7
spend,0.011,0.0824,0.6344,0,0,0.7
spent,0.0159,0.0735,0.6571,0,0,0.7
Spoon,0.015,0.0889,0.596,0,0,0.7
spot,0.0365,0.0765,0.4239,0,0,0.7
Spring,0.0558,0.2286,0.5589,0,0,0.7
Sprint,0.1291,0.3586,0.4664,0,0,0.7
Sprints,0.2569,0.5344,0.4335,0,0,0.7
SQUAD,0.3933,0.4028,0.3565,0,0,0.7
squadron,0.3047,0.8053,0.3055,0,0.8,0.1
squads,0.3724,0.7126,0.3737,0,0,0.7
squanders,0.0171,0.0702,0.3091,0,0,0.7
Stabilise,0.0191,0.2913,0.4444,0,0,0.7
stability,0.0335,0.1834,0.685,0,0,0.7
stabilization,0.0443,0.4366,0.2633,0,0,0.7
stack,0.2611,0.3533,0.5204,0,0,0.7
stacks,0.0848,0.2619,0.3235,0,0,0.7
Stage,0.1253,0.0995,0.5405,0,0,0.7
stages,0.075,0.4111,0.5533,0,0,0.7
Staggered,0.036,0.2708,0.3168,0,0,0.7
stakes,0.0332,0.2998,0.4124,0,0,0.7
stall,0.0235,0.1836,0.6089,0,0,0.7
stalled,0.0166,0.111,0.4009,0,0,0.7
stance,0.1039,0.6738,0.3802,0,0,0.7
Stand,0.0614,0.4733,0.5715,0,0,0.7
standalone,0.103,0.1717,0.5393,0,0,0.7
Standard,0.1484,0.1109,0.5783,0,0,0.7
Standard65,,,,0,0,0.7
Standby,0.066,0.5745,0.445,0,0,0.7
Standing,0.045,0.1867,0.6491,0,0,0.7
stands,0.0714,0.1268,0.5545,0,0,0.7
standup,0.0746,0.3927,0.5553,0,0,0.7
Start,0.0544,0.0732,0.7216,0,0,0.7
Starting,0.0244,0.1123,0.6646,0,0,0.7
starts,0.0341,0.0825,0.6527,0,0,0.7
state,0.1244,0.2128,0.3916,0,0,0.7
Statelessness,0.1326,0.4765,0.1324,0,0,0.7
states,0.1936,0.2319,0.2913,0,0,0.7
stating,0.0191,0.0762,0.5324,0,0,0.7
Status,0.0724,0.3168,0.5314,0,0,0.7
Status51,,,,0,0,0.7
stays,0.0253,0.1024,0.5304,0,0,0.7
steady,0.0179,0.0485,0.6412,0,0,0.7
steer,0.0224,0.3569,0.3081,0,0,0.7
step,0.0243,0.16,0.6534,0,0,0.7
steps,0.022,0.1406,0.6947,0,0,0.7
still,0.0115,0.0827,0.616,0,0,0.7
stop,0.0124,0.2,0.5836,0,0,0.7
storming,0.0337,0.2431,0.4941,0,0,0.7
strategically,0.0359,0.3203,0.1976,0,0,0.7
STRATEGY,0.0444,0.3304,0.502,0,0,0.7
STRATEGY9,0.6991,0.4477,0.194,0,0,0.7
stream,0.1312,0.3521,0.3578,0,0,0.7
Strength,0.0182,0.1262,0.3082,0,0,0.7
Strength54,,,,0,0,0.7
Strengthen,0.0246,0.2252,0.3386,0,0,0.7
Stress,0.021,0.3999,0.443,0,0,0.7
stronger,0.0294,0.107,0.6692,0,0,0.7
strongest,0.0349,0.2282,0.5825,0,0,0.7
strongly,0.0247,0.0612,0.4919,0,0,0.7
structural,0.0302,0.3758,0.3688,0,0,0.7
structure,0.0532,0.4212,0.5314,0,0,0.7
Structured,0.0365,0.2979,0.5698,0,0,0.7
style,0.0428,0.2412,0.5976,0,0,0.7
styling,0.0271,0.0595,0.4974,0,0,0.7
subject,0.0678,0.0598,0.495,0,0,0.7
suboptimal,0.0168,0.0399,0.1768,0,0,0.7
subordinates,0.0287,0.1943,0.5024,0,0,0.7
Subsea,0.2744,0.4553,0.0809,0,0,0.7
subsection,0.1058,0.0967,0.4296,0,0,0.7
subsequent,0.022,0.0475,0.56,0,0,0.7
substitutes,0.0259,0.1406,0.4891,0,0,0.7
succeed,0.0148,0.0529,0.4579,0,0,0.7
success,0.0191,0.1834,0.3928,0,0,0.7
such,0.0205,0.0273,0.5696,0,0,0.7
suffice,0.0224,0.0456,0.6327,0,0,0.7
sufficient,0.0162,0.0673,0.7075,0,0,0.7
sufficiently,0.0237,0.0303,0.5969,0,0,0.7
suit,0.0284,0.1309,0.4546,0,0,0.7
suits,0.0185,0.0715,0.6568,0,0,0.7
sum,0.0263,0.0699,0.5578,0,0,0.7
summarizing,0.0366,0.161,0.5135,0,0,0.7
Summary,0.1599,0.1535,0.5601,0,0,0.7
superficial,0.0124,0.0203,0.3158,0,0,0.7
supervisor,0.0261,0.2985,0.3661,0,0,0.7
supplementary,0.0985,0.1004,0.4053,0,0,0.7
Supply,0.1818,0.3182,0.6164,0,0,0.7
Supply42,,,,0,0,0.7
support,0.0627,0.1545,0.5289,0,0,0.7
suppresses,0.0163,0.1499,0.3705,0,0,0.7
surface,0.014,0.1379,0.4464,0,0,0.7
surfaced,0.0352,0.133,0.4192,0,0,0.7
surfaces,0.0387,0.1327,0.4868,0,0,0.7
SURGE,0.2788,0.4586,0.229,0,0,0.7
surprises,0.0221,0.1127,0.2935,0,0,0.7
survive,0.0143,0.1791,0.6919,0,0,0.7
survives,0.0158,0.2686,0.5038,0,0,0.7
suspends,0.0277,0.5407,0.5532,0,0,0.7
sustain,0.0167,0.2325,0.5213,0,0,0.7
sustainability,0.0899,0.2832,0.2904,0,0,0.7
sustained,0.0174,0.2504,0.5903,0,0,0.7
SWE,0.2198,0.4339,0.096,0,0,0.7
SwiftOffice,0.7589,0.2247,0.071,0.8,0.8,0.1
switches,0.0434,0.1873,0.4583,0,0,0.7
Switching,0.0783,0.2886,0.5332,0,0,0.7
Sync,0.0798,0.3537,0.3569,0,0,0.7
syntax,0.0589,0.1772,0.252,0,0,0.7
Synthesis,0.0479,0.2147,0.4585,0,0,0.7
synthesised,0.0366,0.2608,0.175,0,0,0.7
Synthesize,0.0178,0.2922,0.2844,0,0,0.7
System,0.306,0.5297,0.4292,0,0,0.7
systematically,0.0268,0.0866,0.3054,0,0,0.7
systemic,0.1458,0.5216,0.1663,0,0,0.7
systems,0.1242,0.4152,0.3684,0,0,0.7
T,0.1459,0.1786,0.3261,0,0,0.7
T1,0.4479,0.3465,0.1603,0,0,0.7
T10,0.592,0.4472,0.1286,0,0,0.7
T11,0.6655,0.4994,0.1408,0,0,0.7
T12,0.4887,0.3585,0.1391,0,0,0.7
T13,0.5706,0.283,0.1341,0,0,0.7
T2,0.3589,0.2816,0.1465,0,0,0.7
T3,0.3747,0.2676,0.1188,0,0,0.7
T4,0.3222,0.2861,0.0926,0,0,0.7
T5,0.4522,0.2131,0.0735,0,0,0.7
T6,0.4966,0.3512,0.131,0,0,0.7
T7,0.4686,0.2147,0.0828,0,0,0.7
T8,0.579,0.4879,0.1253,0,0,0.7
T9,0.5026,0.2844,0.0768,0,0,0.7
TABLE,0.0888,0.2962,0.7902,0,0,0.7
tacit,0.0598,0.0932,0.1887,0,0,0.7
Tactic,0.1071,0.2983,0.618,0,0,0.7
Tactic10,,,,0,0,0.7
Tactic39,,,,0,0,0.7
tactical,0.0642,0.7408,0.3312,0,0,0.7
Tactics,0.0731,0.6671,0.3788,0,0,0.7
TACTICS31,0.6682,0.5078,0.1929,0,0,0.7
Tactics7,,,,0,0,0.7
tagged,0.3055,0.3646,0.3175,0,0,0.7
Tagging,0.1546,0.4854,0.3633,0,0,0.7
Tagging49,,,,0,0,0.7
Take,0.0296,0.0935,0.7602,0,0,0.7
taken,0.0197,0.0735,0.663,0,0,0.7
takes,0.0215,0.1256,0.5985,0,0,0.7
taking,0.0187,0.155,0.5904,0,0,0.7
talking,0.0093,0.0374,0.7927,0,0,0.7
Tan,0.4634,0.082,0.2579,0,0,0.7
Tap,0.1788,0.3157,0.4547,0,0,0.7
tapped,0.0191,0.263,0.4234,0,0,0.7
tapping,0.0273,0.259,0.4956,0,0,0.7
Target,0.3136,0.273,0.3392,0,0,0.7
Target44,,,,0,0,0.7
targeting,0.0453,0.2593,0.3864,0,0,0.7
targets,0.1356,0.3382,0.3335,0,0,0.7
Task,0.0326,0.1472,0.5619,0,0,0.7
Tasks,0.1549,0.2853,0.5827,0,0,0.7
Taste,0.0162,0.0136,0.6432,0,0,0.7
Teach,0.0189,0.1015,0.3526,0,0,0.7
teachable,0.0505,0.0741,0.3371,0,0,0.7
Team,0.3606,0.1627,0.6809,0,0,0.7
teammate,0.0289,0.0306,0.6527,0,0,0.7
teammates,0.0376,0.0687,0.6774,0,0,0.7
Teams,0.2477,0.5436,0.5439,0,0,0.7
teamwork,0.0203,0.2322,0.4957,0,0,0.7
Tech,0.2372,0.2543,0.2981,0,0,0.7
technical,0.0642,0.4106,0.4924,0,0,0.7
Technique,0.1419,0.1764,0.2862,0,0,0.7
Techniques,0.1199,0.5721,0.36,0,0,0.7
technologies,0.0479,0.1678,0.2472,0,0,0.7
technology,0.0494,0.2459,0.2923,0,0,0.7
telepathy,0.0387,0.0822,0.0842,0,0,0.7
tell,0.017,0.0302,0.5357,0,0,0.7
temperament,0.0342,0.4066,0.3969,0,0,0.7
templates,0.1418,0.2893,0.3321,0,0,0.7
tempo,0.0386,0.6051,0.4814,0,0,0.7
Temporal,0.2236,0.4116,0.3838,0,0,0.7
temporary,0.0123,0.0538,0.583,0,0,0.7
tenant,0.4924,0.314,0.2858,0,0,0.7
tends,0.0178,0.0208,0.6743,0,0,0.7
Term,0.0628,0.0358,0.2522,0,0,0.7
terminated,0.0273,0.1642,0.4537,0,0,0.7
Terms,0.0486,0.1964,0.5506,0,0,0.7
Terms7,,,,0,0,0.7
territory,0.1266,0.2645,0.2555,0,0,0.7
Test,0.0774,0.1917,0.5418,0,0,0.7
Testing,0.0578,0.3718,0.6176,0,0,0.7
tests,0.0367,0.1882,0.5508,0,0,0.7
Than,,,,0,0,0.7
That,,,,0,0,0.7
the,,,,0,0,0.7
Their,,,,0,0,0.7
them,,,,0,0,0.7
themselves,0.0205,0.0602,0.7729,0,0,0.7
then,,,,0,0,0.7
Theory,0.0549,0.2844,0.4106,0,0,0.7
there,,,,0,0,0.7
therefore,0.0145,0.0234,0.7208,0,0,0.7
these,,,,0,0,0.7
They,,,,0,0,0.7
thing,0.0179,0.0316,0.6302,0,0,0.7
things,0.0218,0.0298,0.7267,0,0,0.7
Think,0.0124,0.0425,0.557,0,0,0.7
thinking,0.0181,0.0517,0.4706,0,0,0.7
Thinks,0.0215,0.0435,0.6611,0,0,0.7
this,,,,0,0,0.7
thoroughness,0.0274,0.1075,0.3523,0,0,0.7
Those,,,,0,0,0.7
though,0.0143,0.0254,0.8708,0,0,0.7
thousand,0.0702,0.0364,0.593,0,0,0.7
Three,0.0588,0.096,0.6262,0,0,0.7
Through,,,,0,0,0.7
throughput,0.0475,0.3569,0.3798,0,0,0.7
thumb,0.0313,0.0347,0.4572,0,0,0.7
ticket,0.0672,0.0884,0.5929,0,0,0.7
ticketing,0.1227,0.1277,0.446,0,0,0.7
ticking,0.0183,0.0625,0.5771,0,0,0.7
Tier,0.0603,0.1139,0.3872,0,0,0.7
tiering,0.1237,0.3005,0.2564,0,0,0.7
Tiers,0.2374,0.4057,0.3792,0,0,0.7
tight,0.0285,0.4773,0.4624,0,0,0.7
Tighten,0.0243,0.3711,0.6164,0,0,0.7
tightened,0.0136,0.6417,0.5092,0,0,0.7
tighter,0.0255,0.3329,0.532,0,0,0.7
Time,0.0243,0.2122,0.7205,0,0,0.7
Timeline,0.1622,0.2885,0.6243,0,0,0.7
Timeline50,,,,0,0,0.7
Timing,0.0873,0.2751,0.6767,0,0,0.7
Tit,0.4424,0.1507,0.1599,0,0,0.7
to,,,,0,0,0.7
today,0.0098,0.057,0.5788,0,0,0.7
together,0.0236,0.111,0.6911,0,0,0.7
Token,0.1311,0.2931,0.3332,0,0,0.7
told,0.0103,0.0153,0.7706,0,0,0.7
tolerance,0.0309,0.6212,0.5094,0,0,0.7
tolerated,0.02,0.2012,0.5,0,0,0.7
tomorrow,0.0091,0.0339,0.6672,0,0,0.7
Too,,,,0,0,0.7
tool,0.0865,0.3501,0.2281,0,0,0.7
toolchain,0.2229,0.4693,0.1715,0,0,0.7
tooling,0.0828,0.2597,0.1971,0,0,0.7
Tools,0.0616,0.3097,0.5925,0,0,0.7
Top,0.05,0.2003,0.682,0,0,0.7
topic,0.0489,0.1484,0.6033,0,0,0.7
total,0.0461,0.2129,0.6601,0,0,0.7
touching,0.0181,0.1148,0.4359,0,0,0.7
toward,0.0151,0.0535,0.676,0,0,0.7
TQ,0.3146,0.3549,0.035,0,0,0.7
Traceability,0.0927,0.3795,0.2244,0,0,0.7
tracing,0.0516,0.2451,0.2744,0,0,0.7
track,0.0303,0.2107,0.5503,0,0,0.7
tracking,0.1689,0.2722,0.443,0,0,0.7
tracks,0.0439,0.2211,0.5207,0,0,0.7
Trade,0.0292,0.1785,0.7191,0,0,0.7
traded,0.0235,0.1994,0.5651,0,0,0.7
Tradeoffs,0.0781,0.2072,0.3229,0,0,0.7
traditional,0.0548,0.2963,0.659,0,0,0.7
train,0.0343,0.3298,0.6884,0,0,0.7
trained,0.0309,0.0652,0.4838,0,0,0.7
Trainee,0.0183,0.0366,0.2514,0,0,0.7
Training,0.0294,0.2448,0.6218,0,0,0.7
transfer,0.0487,0.3678,0.5836,0,0,0.7
transfers,0.0522,0.2866,0.5687,0,0,0.7
transformations,0.1308,0.3287,0.2752,0,0,0.7
transforms,0.0521,0.2212,0.6049,0,0,0.7
TRANSITION,0.0384,0.0949,0.5294,0,0,0.7
transitions,0.0953,0.3241,0.4142,0,0,0.7
translator,0.0734,0.1425,0.3433,0,0,0.7
transmission,0.0437,0.1874,0.4722,0,0,0.7
transmit,0.0153,0.1965,0.5969,0,0,0.7
transmitted,0.0194,0.4159,0.525,0,0,0.7
Treat,0.0193,0.0915,0.3053,0,0,0.7
treated,0.0195,0.0569,0.573,0,0,0.7
treating,0.0186,0.0654,0.6319,0,0,0.7
treats,0.0192,0.0751,0.6781,0,0,0.7
tree,0.08,0.1283,0.4942,0,0,0.7
triaged,0.0314,0.3656,0.3389,0,0,0.7
tried,0.0132,0.0649,0.7143,0,0,0.7
tries,0.1852,0.178,0.2457,0,0,0.7
Trigger,0.1342,0.62,0.29,0,0,0.7
triggers,0.0522,0.527,0.3786,0,0,0.7
trivial,0.0153,0.0204,0.5296,0,0,0.7
true,0.0369,0.0485,0.5446,0,0,0.7
trust,0.0112,0.2099,0.4754,0,0,0.7
trusting,0.0142,0.0844,0.305,0,0,0.7
trustworthy,0.0297,0.252,0.4386,0,0,0.7
truth,0.0313,0.0547,0.2824,0,0,0.7
truths,0.0459,0.0459,0.3112,0,0,0.7
try,0.0112,0.0735,0.714,0,0,0.7
trying,0.0279,0.0837,0.5162,0,0,0.7
TTP,0.5126,0.6566,0.1385,0,0,0.7
TTPs,0.2481,0.7589,0.194,0,0,0.7
turn,0.0358,0.1159,0.6314,0,0,0.7
turnaround,0.0618,0.1385,0.379,0,0,0.7
turns,0.0242,0.2771,0.6846,0,0,0.7
twice,0.027,0.0334,0.7521,0,0,0.7
twin,0.0356,0.0528,0.3696,0,0,0.7
two,0.0362,0.0932,0.7221,0,0,0.7
Type,0.024,0.0293,0.5277,0,0,0.7
Typical,0.0101,0.0172,0.6272,0,0,0.7
typically,0.0134,0.0756,0.6308,0,0,0.7
UAS,0.6118,0.7066,0.0829,0,0,0.7
UI,0.187,0.1021,0.2381,0,0,0.7
Ultradian,0.1726,0.3279,0.1573,0,0,0.7
unacceptable,0.0335,0.0764,0.1788,0,0,0.7
unapproved,0.0494,0.1336,0.1348,0,0,0.7
unavailable,0.0509,0.2784,0.2081,0,0,0.7
Unbounded,0.1132,0.2421,0.1252,0,0,0.7
uncertain,0.0256,0.0872,0.3928,0,0,0.7
uncertainties,0.0679,0.1546,0.3095,0,0,0.7
Uncertainty,0.0794,0.3675,0.3333,0,0,0.7
Uncertainty40,,,,0,0,0.7
uncomfortable,0.0088,0.0154,0.5285,0,0,0.7
undecided,0.0214,0.0227,0.2258,0,0,0.7
Under,0.0692,0.1328,0.6753,0,0,0.7
underdeveloped,0.0175,0.089,0.3344,0,0,0.7
underestimate,0.0167,0.0376,0.53,0,0,0.7
underestimating,0.0187,0.091,0.5472,0,0,0.7
undermine,0.0223,0.453,0.47,0,0,0.7
understand,0.0129,0.0798,0.4046,0,0,0.7
understanding,0.0149,0.1046,0.328,0,0,0.7
understands,0.0194,0.0347,0.7107,0,0,0.7
unfamiliar,0.0212,0.058,0.1423,0,0,0.7
unforeseen,0.0269,0.1445,0.1465,0,0,0.7
uniformed,0.1004,0.3075,0.2862,0,0,0.7
uniformity,0.0308,0.1018,0.4612,0,0,0.7
unilaterally,0.0412,0.1657,0.2032,0,0,0.7
unit,0.0829,0.5334,0.4901,0,0,0.7
unknown,0.0601,0.045,0.0719,0,0,0.7
unknowns,0.118,0.05,0.0912,0,0,0.7
unless,0.0285,0.0424,0.6315,0,0,0.7
unlikely,0.0691,0.0435,0.2781,0,0,0.7
unnecessary,0.0124,0.0324,0.5621,0,0,0.7
unpack,0.0448,0.2927,0.4139,0,0,0.7
unpredictable,0.0168,0.1259,0.219,0,0,0.7
unreachable,0.1186,0.2899,0.127,0,0,0.7
unremarkable,0.0109,0.0106,0.6442,0,0,0.7
unresolved,0.1027,0.0944,0.1301,0,0,0.7
Unrestricted,0.0454,0.112,0.258,0,0,0.7
unsafe,0.0972,0.4065,0.2261,0,0,0.7
unsupervised,0.0901,0.1115,0.2728,0,0,0.7
unsure,0.0523,0.0498,0.2591,0,0,0.7
untested,0.0445,0.1074,0.1243,0,0,0.7
until,0.016,0.0486,0.7362,0,0,0.7
up,0.0463,0.1398,0.7192,0,0,0.7
update,0.0163,0.0625,0.5986,0,0,0.7
updated,0.0403,0.0818,0.4732,0,0,0.7
updates,0.0252,0.6432,0.5616,0,0,0.7
upfront,0.037,0.0733,0.5763,0,0,0.7
upgrades,0.1261,0.3051,0.3531,0,0,0.7
uploaded,0.0944,0.2208,0.346,0,0,0.7
upon,0.028,0.2029,0.537,0,0,0.7
upward,0.0192,0.0527,0.3877,0,0,0.7
urgent,0.0178,0.4066,0.6392,0,0,0.7
urgently,0.0208,0.0846,0.4043,0,0,0.7
USA,0.7732,0.21,0.0844,0,0,0.7
Usage,0.0453,0.1537,0.7178,0,0,0.7
Use,0.0262,0.0388,0.5749,0,0,0.7
used,0.0189,0.0451,0.7332,0,0,0.7
useful,0.0122,0.0344,0.6567,0,0,0.7
uselessly,0.0176,0.0292,0.2827,0,0,0.7
user,0.0726,0.0819,0.6589,0,0,0.7
users,0.0986,0.0715,0.5752,0,0,0.7
uses,0.0714,0.1318,0.6592,0,0,0.7
using,0.0289,0.0729,0.6482,0,0,0.7
utilities,0.0579,0.1382,0.3694,0,0,0.7
UX,0.1459,0.2474,0.323,0,0,0.7
v,0.2467,0.2347,0.2952,0,0,0.7
v1,,,,0,0,0.7
vague,0.0193,0.0173,0.3707,0,0,0.7
valid,0.0392,0.1166,0.5263,0,0,0.7
validate,0.0292,0.1756,0.6014,0,0,0.7
validated,0.0502,0.1211,0.5064,0,0,0.7
validating,0.0318,0.2668,0.3503,0,0,0.7
validation,0.0405,0.2892,0.5426,0,0,0.7
Valuable,0.0217,0.0813,0.506,0,0,0.7
value,0.1191,0.1805,0.4946,0,0,0.7
Variability,0.0199,0.0729,0.3741,0,0,0.7
variable,0.0694,0.0519,0.2996,0,0,0.7
variables,0.0423,0.0428,0.5896,0,0,0.7
Varies,0.1024,0.1112,0.199,0,0,0.7
Varyed,0.0362,0.1857,0.3473,0,0,0.7
ve,0.1798,0.1419,0.2985,0,0,0.7
vectors,0.0856,0.232,0.2172,0,0,0.7
velocity,0.0385,0.2419,0.3347,0,0,0.7
Verification,0.2034,0.5697,0.5723,0,0,0.7
verified,0.0549,0.2238,0.4966,0,0,0.7
Version,0.0581,0.0859,0.3172,0,0,0.7
versioned,0.128,0.2092,0.2334,0,0,0.7
very,0.0211,0.0203,0.5791,0,0,0.7
via,0.0339,0.1685,0.4675,0,0,0.7
Viable,0.0787,0.1901,0.5415,0,0,0.7
violate,0.0231,0.8229,0.4004,0,0,0.7
violated,0.0712,0.3249,0.2631,0,0,0.7
violations,0.1133,0.2159,0.2834,0,0,0.7
visible,0.0415,0.0812,0.3596,0,0,0.7
visibly,0.0136,0.0412,0.4633,0,0,0.7
visit,0.0169,0.1534,0.4603,0,0,0.7
visits,0.0384,0.1965,0.5419,0,0,0.7
visual,0.058,0.0604,0.4795,0,0,0.7
voiced,0.0169,0.0266,0.4152,0,0,0.7
volume,0.0328,0.1106,0.4236,0,0,0.7
voting,0.0216,0.1368,0.5699,0,0,0.7
vs,0.0984,0.3133,0.3686,0,0,0.7
VUCA,0.5106,0.4804,0.0621,0,0,0.7
wait,0.0096,0.0565,0.6622,0,0,0.7
waiting,0.0115,0.0877,0.7602,0,0,0.7
want,0.0152,0.0413,0.542,0,0,0.7
war,0.0228,0.8374,0.7614,0,0.8,0.1
warfare,0.041,0.8938,0.3491,0,0.8,0.1
Warfighter,0.2306,0.8133,0.1637,0,0.8,0.1
warfighters,0.2115,0.7639,0.1057,0,0.8,0.1
warfighting,0.1266,0.8012,0.1951,0,0.8,0.1
Warning,0.032,0.1403,0.4046,0,0,0.7
Wartime,0.0636,0.8493,0.3775,0,0.8,0.1
was,,,,0,0,0.7
waste,0.0128,0.0413,0.6682,0,0,0.7
wasted,0.0083,0.0255,0.6224,0,0,0.7
wastes,0.0198,0.0547,0.461,0,0,0.7
waterfall,0.1757,0.2356,0.3786,0,0,0.7
Wave,0.0259,0.1327,0.3928,0,0,0.7
Wave56,,,,0,0,0.7
waves,0.0274,0.0823,0.5991,0,0,0.7
way,0.0403,0.0604,0.5033,0,0,0.7
ways,0.0223,0.0559,0.6046,0,0,0.7
We,,,,0,0,0.7
weak,0.0119,0.0369,0.6887,0,0,0.7
weakness,0.0201,0.047,0.647,0,0,0.7
weather,0.0239,0.0365,0.4213,0,0,0.7
Web,0.1593,0.2539,0.4269,0,0,0.7
week,0.0312,0.0624,0.7266,0,0,0.7
weekly,0.0895,0.0755,0.8025,0,0,0.7
Weeks,0.0791,0.0388,0.7622,0,0,0.7
well,0.0198,0.0324,0.6687,0,0,0.7
went,0.0096,0.0437,0.6693,0,0,0.7
were,,,,0,0,0.7
What,,,,0,0,0.7
whatever,0.0246,0.0204,0.2643,0,0,0.7
When,,,,0,0,0.7
whenever,0.0336,0.0811,0.4957,0,0,0.7
Where,,,,0,0,0.7
whether,0.0126,0.0496,0.6631,0,0,0.7
Which,,,,0,0,0.7
whichever,0.0291,0.0429,0.5525,0,0,0.7
While,,,,0,0,0.7
who,,,,0,0,0.7
whole,0.0221,0.0423,0.7871,0,0,0.7
whom,,,,0,0,0.7
Why,,,,0,0,0.7
widen,0.0201,0.0537,0.3989,0,0,0.7
widens,0.0213,0.0569,0.4684,0,0,0.7
will,,,,0,0,0.7
willing,0.0097,0.0176,0.5674,0,0,0.7
willingness,0.0178,0.0503,0.5733,0,0,0.7
WIN,0.0355,0.1029,0.4867,0,0,0.7
window,0.035,0.3615,0.6153,0,0,0.7
windows,0.6752,0.1369,0.2421,0,0,0.7
wins,0.0205,0.1639,0.2793,0,0,0.7
with,,,,0,0,0.7
Within,0.0368,0.1996,0.6828,0,0,0.7
Without,0.0166,0.0563,0.7844,0,0,0.7
won,0.0447,0.1298,0.5111,0,0,0.7
wording,0.0171,0.0229,0.6464,0,0,0.7
words,0.0329,0.0275,0.6613,0,0,0.7
Work,0.0294,0.0821,0.7828,0,0,0.7
Work30,,,,0,0,0.7
Workaround,0.0482,0.2315,0.3449,0,0,0.7
worked,0.0138,0.0379,0.6846,0,0,0.7
workflow,0.0433,0.3549,0.5223,0,0,0.7
workflows,0.0641,0.3695,0.4746,0,0,0.7
working,0.0154,0.1288,0.6524,0,0,0.7
workload,0.0459,0.2485,0.5517,0,0,0.7
workloads,0.1314,0.2822,0.3771,0,0,0.7
works,0.0256,0.0768,0.6307,0,0,0.7
world,0.1662,0.0553,0.5684,0,0,0.7
worse,0.0108,0.0216,0.7245,0,0,0.7
worst,0.025,0.1385,0.6182,0,0,0.7
worth,0.0349,0.1501,0.5739,0,0,0.7
would,0.0164,0.0833,0.7067,0,0,0.7
write,0.014,0.0383,0.75,0,0,0.7
writing,0.0168,0.1311,0.6257,0,0,0.7
written,0.0184,0.0435,0.6342,0,0,0.7
Wrong,0.0299,0.0621,0.3334,0,0,0.7
wrote,0.0113,0.0397,0.7892,0,0,0.7
X,0.1947,0.1351,0.3401,0,0,0.7
x1,,,,0,0,0.7
x2,,,,0,0,0.7
x3,,,,0,0,0.7
XBD,0.4561,0.2619,0.0418,0,0.8,0.1
XWB,0.398,0.1984,0.0878,0,0.8,0.1
XWB24,0.6593,0.2067,0.0508,0,0.8,0.1
Y,0.1155,0.1106,0.1994,0,0,0.7
year,0.0504,0.0377,0.6687,0,0,0.7
years,0.0138,0.0251,0.6591,0,0,0.7
Yee,0.6336,0.0897,0.1184,0.8,0,0.1
Yellow,0.0136,0.0236,0.51,0,0,0.7
yes,0.0411,0.0542,0.6033,0,0,0.7
yet,0.0196,0.0308,0.6196,0,0,0.7
You,,,,0,0,0
your,,,,0,0,0
yours,,,,0,0,0
zero,0.1275,0.2525,0.4707,0,0,0.7
