word,is_identifier_percent,is_operationally_significant_percent,is_common_word_percent,target_is_identifier,target_is_operationally_significant,target_is_common_word
001Version,0.725,0.6957,0.0666,0,0,0.7
A,,,,0,0,0
AARs,0.7154,0.9059,0.1,0.7154,0.9059,0.1
abandon,0.0077,0.9022,0.9957,0,0,0.7
ability,0.0314,0.8635,0.898,0,0,0.7
able,0.0218,0.8816,0.7271,0,0,0.7
about,0.0292,0.3266,0.9446,0,0,0.7
above,0.137,0.2635,0.6804,0,0,0.7
absolute,0.0291,0.7476,0.8659,0,0,0.7
absorb,0.0816,0.9276,0.9672,0,0,0.7
absorbs,0.068,0.5196,0.7074,0,0,0.7
accelerate,0.0145,0.9157,0.9324,0,0,0.7
accelerates,0.0111,0.8468,0.9746,0,0,0.7
acceleration,0.064,0.6579,0.9494,0,0,0.7
Accept,0.0387,0.8946,0.9705,0,0,0.7
acceptable,0.0548,0.4277,0.889,0,0,0.7
acceptance,0.0797,0.8384,0.7907,0,0,0.7
accepting,0.023,0.8113,0.6259,0,0,0.7
access,0.1166,0.922,0.968,0,0,0.7
accessible,0.0591,0.8966,0.9278,0,0,0.7
accidental,0.0197,0.5349,0.9494,0,0,0.7
according,0.0248,0.5587,0.9704,0,0,0.7
Account,0.3759,0.8225,0.9464,0,0,0.7
accounts,0.4523,0.8227,0.8399,0,0,0.7
accumulate,0.0387,0.8796,0.933,0,0,0.7
Accumulated,0.1707,0.7071,0.789,0,0,0.7
accumulates,0.0147,0.7595,0.8862,0,0,0.7
accumulation,0.0305,0.6926,0.6604,0,0,0.7
accurately,0.0147,0.8094,0.8588,0,0,0.7
accustomed,0.0167,0.5579,0.9268,0,0,0.7
achieved,0.2223,0.7252,0.7362,0,0,0.7
acknowledged,0.0116,0.8155,0.9391,0,0,0.7
acquired,0.0135,0.8319,0.9614,0,0,0.7
across,0.0466,0.6484,0.8944,0,0,0.7
Act,0.1037,0.7817,0.9094,0,0,0.7
acting,0.0263,0.8356,0.9259,0,0,0.7
Action,0.1175,0.8128,0.9562,0,0,0.7
Actions,0.2218,0.8545,0.7758,0,0,0.7
Activate,0.1157,0.898,0.8025,0,0,0.7
activated,0.1575,0.8854,0.6964,0,0,0.7
activating,0.0189,0.6147,0.9075,0,0,0.7
Activation,0.1253,0.8357,0.6025,0,0,0.7
Activation48,,,,0,0,0.7
Activation50,,,,0,0,0.7
Active,0.1473,0.879,0.909,0,0,0.7
actively,0.0139,0.8871,0.9189,0,0,0.7
activities,0.3816,0.9428,0.5859,0,0,0.7
activity,0.0942,0.8558,0.8732,0,0,0.7
actual,0.028,0.8194,0.9565,0,0,0.7
Actually,0.0206,0.3892,0.857,0,0,0.7
ad,0.0661,0.6707,0.5319,0,0,0.7
adapt,0.0275,0.9387,0.9944,0,0,0.7
adaptability,0.0147,0.8615,0.8507,0,0,0.7
adaptation,0.1045,0.8032,0.8239,0,0,0.7
adaptations,0.1298,0.75,0.8064,0,0,0.7
Adapted,0.2383,0.8289,0.9702,0,0,0.7
adapting,0.0439,0.9137,0.8044,0,0,0.7
Adapts,0.044,0.8493,0.9817,0,0,0.7
add,0.0168,0.9331,0.9601,0,0,0.7
Additional,0.2145,0.8803,0.9078,0,0,0.7
addressed,0.0144,0.7628,0.9647,0,0,0.7
addresses,0.0955,0.7306,0.6116,0,0,0.7
adds,0.0285,0.7618,0.7133,0,0,0.7
adequate,0.0103,0.2205,0.9703,0,0,0.7
Adherence,0.0352,0.8671,0.8088,0,0,0.7
adjacent,0.0289,0.4264,0.8707,0,0,0.7
adjust,0.0176,0.9618,0.9686,0,0,0.7
Admin,0.6624,0.8107,0.7337,0,0,0.7
administration,0.1336,0.8769,0.9018,0,0,0.7
administrator,0.3823,0.7521,0.5927,0,0,0.7
admins,0.1359,0.8302,0.4459,0,0,0.7
adopt,0.046,0.8167,0.9184,0,0,0.7
Advantage,0.0565,0.7275,0.8945,0,0,0.7
advantages,0.0366,0.7254,0.922,0,0,0.7
adversarial,0.2034,0.8609,0.3042,0,0,0.7
adversary,0.1847,0.8368,0.5403,0,0,0.7
advised,0.017,0.4621,0.963,0,0,0.7
AETHER,0.8008,0.8704,0.0513,0.808,0.87,0
affect,0.0611,0.7533,0.9761,0,0,0.7
affected,0.0754,0.4178,0.8315,0,0,0.7
affects,0.02,0.8212,0.9802,0,0,0.7
afford,0.0248,0.7147,0.9211,0,0,0.7
After,0.0401,0.7415,0.9781,0,0,0.7
afterthought,0.017,0.2816,0.7175,0,0,0.7
Again,0.0337,0.5881,0.8148,0,0,0.7
against,0.0485,0.679,0.9152,0,0,0.7
age,0.0582,0.3952,0.9636,0,0,0.7
Agent,0.5954,0.8769,0.3797,0,0,0.7
AGENTIC,0.3737,0.8892,0.0404,0,0,0.7
Agents,0.1774,0.9094,0.4748,0,0,0.7
Agile,0.7687,0.9153,0.6104,0,0,0.7
agility,0.0873,0.9105,0.7972,0,0,0.7
agree,0.0264,0.401,0.9471,0,0,0.7
agreement,0.0443,0.6829,0.9568,0,0,0.7
agreements,0.0902,0.8751,0.854,0,0,0.7
Ah,0.0391,0.1205,0.7663,0,0,0.7
ahead,0.023,0.1621,0.8363,0,0,0.7
AI,0.2753,0.8745,0.1917,0,0,0.7
AI48,0.6786,0.5649,0.0309,0,0,0.7
alertness,0.0283,0.8056,0.7836,0,0,0.7
align,0.0801,0.9417,0.875,0,0,0.7
aligned,0.0186,0.7444,0.8272,0,0,0.7
Alignment,0.2509,0.7571,0.6299,0,0,0.7
Aligns,0.0573,0.8078,0.8971,0,0,0.7
All,0.0548,0.3888,0.9875,0,0,0.7
Allocate,0.0265,0.9514,0.9494,0,0,0.7
allows,0.0223,0.6204,0.9533,0,0,0.7
almost,0.0156,0.1352,0.8067,0,0,0.7
alone,0.0123,0.247,0.9537,0,0,0.7
already,0.0122,0.2661,0.9501,0,0,0.7
also,0.0235,0.4591,0.9862,0,0,0.7
alter,0.0175,0.912,0.9628,0,0,0.7
Alternate,0.1561,0.8002,0.9228,0,0,0.7
Alternative,0.1644,0.6991,0.9461,0,0,0.7
alternatives,0.0795,0.8809,0.8836,0,0,0.7
Alumni,0.4568,0.791,0.6297,0,0,0.7
Always,0.0557,0.5404,0.9904,0,0,0.7
am,0.1072,0.3528,0.4707,0,0,0.7
AMBER,0.6266,0.4965,0.8591,0,0,0.7
ambiguity,0.0464,0.9146,0.7692,0,0,0.7
ambiguous,0.1597,0.5586,0.6728,0,0,0.7
amend,0.1029,0.9509,0.8431,0,0,0.7
amount,0.0178,0.4892,0.9564,0,0,0.7
amplifies,0.025,0.7452,0.6635,0,0,0.7
amplify,0.0314,0.793,0.8018,0,0,0.7
an,,,,0,0,0.7
Analysis,0.0365,0.7773,0.8867,0,0,0.7
Analysis36,,,,0,0,0.7
analytical,0.0178,0.9075,0.7939,0,0,0.7
anchor,0.6565,0.772,0.2588,0,0,0.7
and,,,,0,0,0.7
Android,0.8732,0.8023,0.114,0,0,0.7
Annex,0.6157,0.293,0.5787,0,0,0.7
annual,0.2648,0.9014,0.962,0,0,0.7
another,0.036,0.2734,0.8887,0,0,0.7
Answer,0.3425,0.3852,0.8773,0,0,0.7
answers,0.1931,0.5517,0.6542,0,0,0.7
Anti,0.2231,0.6571,0.7532,0,0,0.7
anticipates,0.0151,0.74,0.9173,0,0,0.7
Antidote,0.2493,0.3565,0.4083,0,0,0.7
Antidote54,,,,0,0,0.7
any,0.0706,0.4864,0.8471,0,0,0.7
anyone,0.0586,0.4766,0.8816,0,0,0.7
anything,0.0476,0.2907,0.7123,0,0,0.7
API,0.2607,0.8276,0.3346,0,0,0.7
APIs,0.1197,0.8597,0.198,0,0,0.7
app,0.2121,0.8833,0.8904,0,0,0.7
Apparent,0.0156,0.2261,0.9289,0,0,0.7
appearing,0.0188,0.3013,0.9154,0,0,0.7
appears,0.0159,0.3142,0.9661,0,0,0.7
applicable,0.1576,0.6005,0.5049,0,0,0.7
Application,0.6862,0.8484,0.746,0,0,0.7
applications,0.3353,0.8403,0.8176,0,0,0.7
Applied,0.2366,0.8107,0.826,0,0,0.7
applies,0.1024,0.75,0.8154,0,0,0.7
Apply,0.2496,0.4861,0.8198,0,0,0.7
Applying,0.0272,0.8684,0.9194,0,0,0.7
approach,0.0463,0.8592,0.9429,0,0,0.7
approaches,0.0169,0.8436,0.876,0,0,0.7
Approaching,0.1844,0.7832,0.9545,0,0,0.7
appropriate,0.0389,0.5706,0.9333,0,0,0.7
approval,0.4582,0.8143,0.8513,0,0,0.7
ApprovalAuthor,0.8107,0.3777,0.1526,0,0,0.7
approvals,0.3162,0.9343,0.8774,0,0,0.7
approve,0.045,0.8967,0.933,0,0,0.7
approved,0.1143,0.7405,0.896,0,0,0.7
approximately,0.0151,0.2042,0.9377,0,0,0.7
Apps,0.7043,0.8069,0.7341,0,0,0.7
Apps58,,,,0,0,0.7
arc,0.2288,0.6957,0.3251,0,0,0.7
archetypes,0.2102,0.59,0.3863,0,0,0.7
architectural,0.1432,0.7413,0.4049,0,0,0.7
Architecture,0.1378,0.8323,0.6282,0,0,0.7
archive,0.0609,0.9067,0.933,0,0,0.7
Are,,,,0,0,0.7
area,0.1975,0.499,0.903,0,0,0.7
areas,0.0664,0.5247,0.8171,0,0,0.7
arises,0.0651,0.3665,0.5953,0,0,0.7
around,0.0539,0.6053,0.8804,0,0,0.7
Arrange,0.0352,0.8316,0.9678,0,0,0.7
arrive,0.039,0.709,0.9182,0,0,0.7
arrives,0.0307,0.2516,0.7086,0,0,0.7
artefacts,0.2211,0.7677,0.244,0,0,0.7
articulate,0.0086,0.6912,0.8932,0,0,0.7
artifact,0.1305,0.7865,0.5628,0,0,0.7
artifacts,0.1074,0.7843,0.5554,0,0,0.7
as,,,,0,0,0.7
ask,0.0166,0.5463,0.9667,0,0,0.7
asking,0.0232,0.7836,0.9082,0,0,0.7
Assemble,0.1956,0.7426,0.7472,0,0,0.7
assembled,0.1205,0.7072,0.752,0,0,0.7
assembling,0.1117,0.7947,0.6562,0,0,0.7
assessed,0.1107,0.7224,0.8437,0,0,0.7
assessing,0.0222,0.9006,0.8217,0,0,0.7
Assign,0.1114,0.8522,0.9559,0,0,0.7
assigned,0.1611,0.7228,0.7504,0,0,0.7
assignment,0.3605,0.8211,0.6939,0,0,0.7
Assignment50,,,,0,0,0.7
assistance,0.0912,0.8449,0.8605,0,0,0.7
assistant,0.3248,0.7689,0.7507,0,0,0.7
assume,0.0415,0.8371,0.9503,0,0,0.7
assumed,0.0294,0.3101,0.477,0,0,0.7
assumes,0.1175,0.7212,0.9436,0,0,0.7
assuming,0.0269,0.6201,0.9627,0,0,0.7
assumption,0.1272,0.6818,0.8332,0,0,0.7
assumptions,0.2742,0.7804,0.8951,0,0,0.7
async,0.0411,0.8382,0.7094,0,0,0.7
at,,,,0,0,0.7
attach,0.0237,0.8489,0.9702,0,0,0.7
attack,0.1807,0.9264,0.7337,0,0,0.7
attacking,0.0841,0.85,0.5979,0,0,0.7
attempting,0.0137,0.8557,0.9154,0,0,0.7
attention,0.0153,0.8633,0.9444,0,0,0.7
attrition,0.0948,0.9314,0.6637,0,0,0.7
augment,0.0523,0.9415,0.8431,0,0,0.7
augmentation,0.2633,0.9048,0.7085,0,0,0.7
Augmented,0.5091,0.9191,0.7029,0,0,0.7
Author,0.0637,0.2965,0.9305,0,0,0.7
authored,0.0249,0.7586,0.8914,0,0,0.7
authoritative,0.1745,0.7345,0.5466,0,0,0.7
Authority,0.4076,0.6741,0.7394,0,0,0.7
authorized,0.0287,0.7969,0.9242,0,0,0.7
authors,0.0208,0.285,0.833,0,0,0.7
auto,0.1726,0.9066,0.7409,0,0,0.7
automated,0.1119,0.9606,0.7967,0,0,0.7
automatically,0.0115,0.371,0.8286,0,0,0.7
automation,0.1536,0.9316,0.5677,0,0,0.7
autonomous,0.0346,0.8353,0.7773,0,0,0.7
autonomously,0.0185,0.8975,0.8069,0,0,0.7
autonomy,0.2442,0.9253,0.6842,0,0,0.7
Availability,0.1469,0.8979,0.8979,0,0,0.7
available,0.0992,0.7722,0.9532,0,0,0.7
average,0.0549,0.2403,0.9271,0,0,0.7
AVOID,0.0158,0.836,0.9716,0,0,0.7
aware,0.144,0.8494,0.5341,0,0,0.7
awareness,0.0791,0.8121,0.8662,0,0,0.7
axes,0.414,0.7641,0.7299,0,0,0.7
axis,0.7251,0.8166,0.6131,0,0,0.7
Azure,0.9348,0.8779,0.1447,0,0,0.7
B,0.6268,0.6794,0.7188,0,0,0.7
back,0.0806,0.521,0.9697,0,0,0.7
BACKBRIEF,0.7653,0.7226,0.0864,0,0,0.7
backend,0.2245,0.9028,0.53,0,0,0.7
backends,0.0938,0.7175,0.5918,0,0,0.7
backlog,0.7354,0.837,0.7459,0,0,0.7
backward,0.0324,0.7157,0.8634,0,0,0.7
bake,0.0198,0.2009,0.9011,0,0,0.7
Baked,0.0573,0.8202,0.9801,0,0,0.7
bandwidth,0.036,0.7977,0.6642,0,0,0.7
barrier,0.0582,0.7123,0.8447,0,0,0.7
bars,0.0683,0.5849,0.9171,0,0,0.7
Base,0.2519,0.2196,0.8625,0,0,0.7
based,0.0864,0.5799,0.7356,0,0,0.7
Baseline,0.5257,0.8857,0.8055,0,0,0.7
Batch,0.1586,0.8545,0.8794,0,0,0.7
Battle,0.7189,0.8663,0.6247,0,0,0.7
battlefield,0.0596,0.8374,0.7318,0,0,0.7
Be,,,,0,0,0.7
beat,0.0203,0.539,0.9533,0,0,0.7
beats,0.0297,0.5122,0.8355,0,0,0.7
because,0.0229,0.3055,0.9702,0,0,0.7
become,0.0266,0.71,0.9506,0,0,0.7
becomes,0.0139,0.6716,0.9261,0,0,0.7
been,,,,0,0,0.7
Before,0.0194,0.7096,0.9763,0,0,0.7
begin,0.0194,0.8824,0.9366,0,0,0.7
beginning,0.0264,0.2852,0.9553,0,0,0.7
begins,0.0362,0.8637,0.9123,0,0,0.7
behave,0.0202,0.7626,0.9686,0,0,0.7
behaving,0.0121,0.7718,0.9566,0,0,0.7
Behavior,0.0522,0.7301,0.8828,0,0,0.7
behavioral,0.0223,0.7831,0.7849,0,0,0.7
behaviour,0.0401,0.6934,0.7229,0,0,0.7
behind,0.0262,0.4348,0.941,0,0,0.7
being,0.0354,0.3865,0.6958,0,0,0.7
believe,0.0098,0.2033,0.9768,0,0,0.7
best,0.031,0.644,0.971,0,0,0.7
better,0.0389,0.3569,0.9908,0,0,0.7
Between,0.0288,0.7377,0.9337,0,0,0.7
beyond,0.0696,0.7277,0.8124,0,0,0.7
Bias,0.2128,0.7219,0.5865,0,0,0.7
binding,0.0914,0.6244,0.7996,0,0,0.7
biological,0.0268,0.687,0.6445,0,0,0.7
Biweekly,0.2411,0.9018,0.2428,0,0,0.7
Blind,0.176,0.4562,0.5152,0,0,0.7
blindly,0.0101,0.6046,0.7851,0,0,0.7
block,0.1261,0.5086,0.887,0,0,0.7
blocker,0.1933,0.8669,0.5097,0,0,0.7
Blocks,0.0558,0.8703,0.7858,0,0,0.7
blow,0.0353,0.6729,0.8735,0,0,0.7
Blue,0.7759,0.5614,0.8514,0,0,0.7
board,0.1233,0.3108,0.8278,0,0,0.7
boards,0.2074,0.3131,0.8431,0,0,0.7
boilerplate,0.084,0.6924,0.5529,0,0,0.7
boost,0.011,0.8622,0.8987,0,0,0.7
Bootstrap,0.0852,0.8164,0.6432,0,0,0.7
Bootstrapping,0.1391,0.9497,0.3694,0,0,0.7
both,0.2538,0.6895,0.8563,0,0,0.7
bottleneck,0.0941,0.9011,0.8566,0,0,0.7
bottlenecks,0.071,0.934,0.7447,0,0,0.7
boundaries,0.113,0.8218,0.6932,0,0,0.7
boundary,0.1351,0.7182,0.4315,0,0,0.7
box,0.0822,0.3224,0.8238,0,0,0.7
brain,0.0176,0.8517,0.9724,0,0,0.7
brains,0.0196,0.8384,0.9374,0,0,0.7
breadth,0.0268,0.609,0.8177,0,0,0.7
break,0.0353,0.7967,0.9774,0,0,0.7
breakdowns,0.0638,0.7488,0.7938,0,0,0.7
Breaks,0.0471,0.8051,0.8477,0,0,0.7
brief,0.37,0.8693,0.8604,0,0,0.7
briefs,0.1215,0.2452,0.6784,0,0,0.7
Bring,0.1037,0.9068,0.9734,0,0,0.7
Broad,0.0327,0.578,0.9606,0,0,0.7
broadband,0.1447,0.8866,0.5767,0,0,0.7
broadens,0.0158,0.7356,0.9094,0,0,0.7
browser,0.1342,0.8622,0.8648,0,0,0.7
Bug,0.2575,0.8191,0.8352,0,0,0.7
Build,0.0344,0.9092,0.969,0,0,0.7
building,0.0867,0.3885,0.8872,0,0,0.7
builds,0.0401,0.7634,0.8956,0,0,0.7
Built,0.1082,0.7047,0.938,0,0,0.7
burden,0.0197,0.6265,0.9725,0,0,0.7
bureaucracy,0.048,0.9594,0.7768,0,0,0.7
bureaucratic,0.0282,0.6263,0.5769,0,0,0.7
buries,0.0229,0.4086,0.9056,0,0,0.7
burst,0.0262,0.7936,0.7773,0,0,0.7
Bursts,0.1149,0.4045,0.4555,0,0,0.7
Bursts57,,,,0,0,0.7
business,0.0941,0.8356,0.9243,0,0,0.7
but,,,,0,0,0.7
by,,,,0,0,0.7
BYO,0.8423,0.9476,0.1198,0,0,0.7
C,0.3743,0.5144,0.6646,0,0,0.7
C2,0.8215,0.8745,0.1053,0.8215,0.8745,0.1053
cable,0.214,0.8744,0.917,0,0,0.7
cached,0.1592,0.8592,0.8886,0,0,0.7
Cadence,0.3493,0.8577,0.3916,0,0,0.7
calendar,0.068,0.3866,0.945,0,0,0.7
calibration,0.103,0.785,0.7394,0,0,0.7
call,0.0361,0.9158,0.9778,0,0,0.7
called,0.0935,0.7686,0.9763,0,0,0.7
campaign,0.0644,0.8578,0.9074,0,0.85,0.3
Can,0.0254,0.6199,0.9434,0,0,0.7
candidate,0.2573,0.3322,0.6341,0,0,0.7
Cannot,0.0225,0.7327,0.7035,0,0,0.7
capabilities,0.1118,0.8895,0.7438,0,0,0.7
capability,0.2283,0.9264,0.7593,0,0,0.7
Capable,0.197,0.7491,0.866,0,0,0.7
capacity,0.0537,0.8864,0.8226,0,0,0.7
CAPACITY26,0.4552,0.8167,0.0507,0,0,0.7
CapDev,0.5717,0.9369,0.0982,0.5717,0.9369,0.0982
Capture,0.0469,0.8983,0.8477,0,0,0.7
captured,0.0356,0.7223,0.8519,0,0,0.7
captures,0.1377,0.7196,0.896,0,0,0.7
career,0.333,0.7627,0.943,0,0,0.7
cares,0.0246,0.7586,0.7765,0,0,0.7
carries,0.1136,0.6973,0.9197,0,0,0.7
cascading,0.048,0.8075,0.5245,0,0,0.7
case,0.0705,0.4717,0.8897,0,0,0.7
cases,0.0736,0.7351,0.7278,0,0,0.7
catch,0.0304,0.7576,0.9189,0,0,0.7
catches,0.0555,0.7234,0.7471,0,0,0.7
categorical,0.0776,0.4614,0.6738,0,0,0.7
Category,0.1983,0.253,0.7085,0,0,0.7
cause,0.0353,0.8182,0.9478,0,0,0.7
caused,0.0229,0.5635,0.9836,0,0,0.7
causes,0.022,0.6604,0.9796,0,0,0.7
Caveat,0.1277,0.6336,0.4821,0,0,0.7
Caveman,0.18,0.0995,0.1023,0,0,0.7
CD,0.7002,0.974,0.3464,0,0,0.7
Cellphone,0.1041,0.7367,0.6362,0,0,0.7
central,0.7387,0.7963,0.9459,0,0,0.7
centralization,0.058,0.8036,0.8426,0,0,0.7
ceremonies,0.1494,0.9304,0.5433,0,0,0.7
Ceremony,0.3192,0.9002,0.5797,0,0,0.7
certainty,0.0279,0.442,0.8037,0,0,0.7
Chain,0.3903,0.8649,0.7023,0,0,0.7
Chain28,,,,0,0,0.7
chains,0.079,0.7045,0.442,0,0,0.7
challenges,0.0553,0.6531,0.9557,0,0,0.7
Change,0.063,0.8777,0.9577,0,0,0.7
changed,0.0353,0.4224,0.9002,0,0,0.7
Changes,0.0971,0.7382,0.9,0,0,0.7
changing,0.0229,0.8299,0.899,0,0,0.7
chaos,0.0206,0.485,0.8206,0,0,0.7
Chapter,0.2949,0.4272,0.9323,0,0,0.7
cheaper,0.0246,0.7599,0.9808,0,0,0.7
cheapest,0.0407,0.6949,0.968,0,0,0.7
cheaply,0.0157,0.5897,0.6794,0,0,0.7
Check,0.3216,0.8413,0.8938,0,0,0.7
Check46,,,,0,0,0.7
checked,0.0828,0.5691,0.8337,0,0,0.7
checking,0.0283,0.9081,0.8246,0,0,0.7
Checklist,0.7754,0.7386,0.7549,0,0,0.7
Checklist44,,,,0,0,0.7
checks,0.0531,0.9099,0.8816,0,0,0.7
choice,0.0447,0.2606,0.8022,0,0,0.7
choices,0.1579,0.6749,0.5006,0,0,0.7
choose,0.0531,0.8584,0.9465,0,0,0.7
chooses,0.0379,0.8008,0.9636,0,0,0.7
choosing,0.0287,0.8999,0.9249,0,0,0.7
chronobiology,0.1685,0.79,0.0384,0,0,0.7
Chronotypes,0.345,0.7892,0.093,0,0,0.7
Churn,0.3884,0.8795,0.7227,0,0,0.7
CI,0.7029,0.9653,0.2912,0,0,0.7
citizen,0.1002,0.5689,0.926,0,0,0.7
clarification,0.0165,0.8046,0.8238,0,0,0.7
clarify,0.0111,0.88,0.9002,0,0,0.7
clarifying,0.0227,0.4939,0.4798,0,0,0.7
clarity,0.1365,0.6609,0.8961,0,0,0.7
class,0.278,0.561,0.7706,0,0,0.7
Classification,0.4061,0.6469,0.3621,0,0,0.7
classified,0.3742,0.3865,0.4811,0,0,0.7
Classify,0.0514,0.8874,0.781,0,0,0.7
clean,0.0362,0.5589,0.9759,0,0,0.7
cleaner,0.055,0.3466,0.9525,0,0,0.7
cleanly,0.0152,0.6603,0.6297,0,0,0.7
cleanup,0.0178,0.9546,0.8203,0,0,0.7
clear,0.0449,0.6122,0.9791,0,0,0.7
clearance,0.1528,0.6859,0.5981,0,0,0.7
cleared,0.2047,0.7046,0.8395,0,0,0.7
clearly,0.0238,0.5177,0.9397,0,0,0.7
click,0.0264,0.8432,0.9629,0,0,0.7
Clickable,0.1371,0.8172,0.3663,0,0,0.7
clients,0.2262,0.6506,0.7971,0,0,0.7
clock,0.0143,0.7394,0.9897,0,0,0.7
close,0.0442,0.5672,0.9746,0,0,0.7
CLOSED,0.599,0.6434,0.9117,0,0,0.7
closer,0.0174,0.7256,0.9272,0,0,0.7
closes,0.0361,0.7039,0.6769,0,0,0.7
Cloud,0.7152,0.8843,0.8114,0,0,0.7
CloudOps,0.6877,0.7542,0.0264,0,0,0.7
coaching,0.0538,0.9346,0.8807,0,0,0.7
Code,0.408,0.7701,0.7897,0,0,0.7
codebases,0.2482,0.756,0.3162,0,0,0.7
coded,0.2959,0.5994,0.3842,0,0,0.7
CodeGraph,0.7985,0.8065,0.0333,0,0,0.7
coding,0.0498,0.914,0.7589,0,0,0.7
cognition,0.0169,0.9049,0.6675,0,0,0.7
COGNITIVE,0.0338,0.7849,0.3629,0,0,0.7
Cohesion,0.0349,0.8118,0.8083,0,0,0.7
cold,0.0429,0.4355,0.9902,0,0,0.7
collection,0.0359,0.6822,0.8922,0,0,0.7
collective,0.0503,0.7803,0.7085,0,0,0.7
collisions,0.098,0.8231,0.738,0,0,0.7
collocated,0.1871,0.6243,0.6453,0,0,0.7
colocated,0.1157,0.8134,0.3495,0,0,0.7
Colonel,0.1356,0.34,0.7425,0.8,0.8,0.1
combined,0.0939,0.7941,0.9213,0,0,0.7
combines,0.1048,0.7481,0.9137,0,0,0.7
come,0.0404,0.4988,0.9432,0,0,0.7
comfortably,0.015,0.6645,0.8369,0,0,0.7
Command,0.8296,0.8896,0.3846,0,0,0.7
Commander,0.338,0.8114,0.7295,0.8,0.8,0.1
Commanders,0.4892,0.9147,0.2081,0.8,0.8,0.1
commanding,0.3576,0.8249,0.6744,0.1,0.8,0.1
commands,0.1821,0.8729,0.3988,0.1,0.8,0.1
Commercial,0.9138,0.7777,0.8125,0,0,0.7
commit,0.1398,0.8716,0.599,0,0,0.7
commitment,0.0349,0.8358,0.9073,0,0,0.7
commitments,0.1678,0.7499,0.4027,0,0,0.7
committed,0.0704,0.8385,0.941,0,0,0.7
committing,0.0441,0.8932,0.7951,0,0,0.7
common,0.0547,0.6658,0.9661,0,0,0.7
communicate,0.0173,0.7909,0.9699,0,0,0.7
Communicates,0.029,0.7315,0.9168,0,0,0.7
communicating,0.0305,0.8315,0.8981,0,0,0.7
Communication,0.0411,0.7559,0.9415,0,0,0.7
Communications,0.9123,0.5479,0.8059,0,0,0.7
compact,0.0408,0.6928,0.7234,0,0,0.7
Compaction,0.429,0.9628,0.1781,0,0,0.7
Companion,0.8149,0.642,0.8441,0,0,0.7
comparative,0.0559,0.2154,0.7688,0,0,0.7
compared,0.0124,0.4766,0.9652,0,0,0.7
Competence,0.0523,0.8428,0.8733,0,0,0.7
Competence31,,,,0,0,0.7
competent,0.0168,0.7532,0.9235,0,0,0.7
competes,0.0246,0.8647,0.9441,0,0,0.7
compiled,0.119,0.3285,0.7988,0,0,0.7
compiles,0.0264,0.8044,0.8777,0,0,0.7
complement,0.0276,0.6604,0.9373,0,0,0.7
complete,0.124,0.3609,0.8234,0,0,0.7
completed,0.0744,0.8017,0.9527,0,0,0.7
completion,0.1782,0.583,0.7554,0,0,0.7
complex,0.0289,0.7959,0.8891,0,0,0.7
complexity,0.0156,0.7697,0.7971,0,0,0.7
compliance,0.1171,0.8113,0.6648,0,0,0.7
complication,0.0214,0.6868,0.9149,0,0,0.7
component,0.1812,0.6801,0.8491,0,0,0.7
components,0.054,0.8233,0.8263,0,0,0.7
compose,0.0695,0.8398,0.8237,0,0,0.7
Composition,0.1071,0.9107,0.8147,0,0,0.7
composition48,,,,0,0,0.7
compound,0.0291,0.6284,0.833,0,0,0.7
compounding,0.0729,0.8076,0.3058,0,0,0.7
compounds,0.0407,0.5808,0.4755,0,0,0.7
Compress,0.0917,0.8817,0.8882,0,0,0.7
Compressed,0.1341,0.8661,0.4043,0,0,0.7
compresses,0.0158,0.8785,0.8598,0,0,0.7
compressing,0.0234,0.8764,0.6946,0,0,0.7
Compression,0.2069,0.8931,0.5629,0,0,0.7
computing,0.1171,0.8752,0.8285,0,0,0.7
Concept,0.5896,0.8414,0.682,0,0,0.7
concepts,0.0135,0.4859,0.7692,0,0,0.7
concrete,0.1128,0.6988,0.961,0,0,0.7
concurrent,0.0472,0.8847,0.7362,0,0,0.7
concurrently,0.016,0.9251,0.6989,0,0,0.7
condition,0.05,0.7981,0.9041,0,0,0.7
conditions,0.1221,0.4773,0.8525,0,0,0.7
ConfiCloud,0.9547,0.7539,0.0142,0,0,0.7
confidence,0.1851,0.633,0.6577,0,0,0.7
confidently,0.0218,0.6048,0.9046,0,0,0.7
config,0.4633,0.7029,0.6152,0,0,0.7
configs,0.2805,0.9002,0.2805,0,0,0.7
configurations,0.0988,0.8289,0.392,0,0,0.7
configures,0.0705,0.9194,0.8209,0,0,0.7
Confirm,0.0219,0.8716,0.9784,0,0,0.7
confirmed,0.1184,0.6027,0.8304,0,0,0.7
conflict,0.0334,0.7824,0.8274,0,0,0.7
conformity,0.0214,0.5225,0.9145,0,0,0.7
confronted,0.0112,0.7164,0.8769,0,0,0.7
confusion,0.0529,0.795,0.8379,0,0,0.7
connect,0.0146,0.8413,0.9641,0,0,0.7
connected,0.0198,0.5862,0.9674,0,0,0.7
connecting,0.0291,0.7179,0.9031,0,0,0.7
Connectors,0.5991,0.8656,0.2029,0,0,0.7
connects,0.0305,0.6706,0.9267,0,0,0.7
CONOPS,0.5863,0.8254,0.1435,0.59,0.82,0.14
CONOPS54,0.7677,0.7282,0.0272,0,0,0.7
CONOPS56,0.8068,0.7483,0.0219,0,0,0.7
conscious,0.0294,0.9113,0.9505,0,0,0.7
consciously,0.0129,0.7309,0.8024,0,0,0.7
Consciousness,0.1766,0.8278,0.1813,0,0,0.7
consensus,0.0677,0.8596,0.8295,0,0,0.7
consideration,0.0634,0.2474,0.8782,0,0,0.7
considerations,0.043,0.3769,0.8054,0,0,0.7
considered,0.0276,0.7401,0.9353,0,0,0.7
consistency,0.0646,0.8008,0.7244,0,0,0.7
consistently,0.0143,0.6557,0.9475,0,0,0.7
Consolidate,0.0925,0.9591,0.8756,0,0,0.7
consolidated,0.0937,0.5938,0.7126,0,0,0.7
consolidates,0.0146,0.9267,0.8582,0,0,0.7
consolidation,0.1669,0.9616,0.609,0,0,0.7
constant,0.0621,0.8436,0.8807,0,0,0.7
constraint,0.1956,0.7904,0.8452,0,0,0.7
constraints,0.1092,0.7253,0.8175,0,0,0.7
Constructed,0.1817,0.7701,0.3017,0,0,0.7
constructing,0.03,0.9394,0.8463,0,0,0.7
CONSTRUCTION,0.148,0.8048,0.7374,0,0,0.7
CONSTRUCTION19,0.3698,0.4108,0.0317,0,0,0.7
consultation,0.0296,0.7844,0.8288,0,0,0.7
consumers,0.0432,0.3718,0.9616,0,0,0.7
consumes,0.0767,0.8801,0.9351,0,0,0.7
contact,0.032,0.8958,0.9464,0,0,0.7
contacts,0.0866,0.7337,0.8983,0,0,0.7
contain,0.0265,0.6107,0.9709,0,0,0.7
contained,0.0235,0.6976,0.8666,0,0,0.7
contemporary,0.0285,0.7174,0.8999,0,0,0.7
CONTENTS,0.122,0.2136,0.7765,0,0,0.7
CONTENTS2,0.1834,0.1211,0.1413,0,0,0.7
contest,0.0184,0.7704,0.9414,0,0,0.7
Context,0.0974,0.6438,0.8738,0,0,0.7
Context38,,,,0,0,0.7
continuation,0.0199,0.3219,0.6728,0,0,0.7
continue,0.0226,0.8819,0.9588,0,0,0.7
continued,0.023,0.7993,0.8995,0,0,0.7
continues,0.0257,0.512,0.9213,0,0,0.7
continuing,0.0869,0.8443,0.6898,0,0,0.7
continuous,0.2843,0.7665,0.6832,0,0,0.7
continuously,0.0248,0.9009,0.8435,0,0,0.7
Contract,0.7879,0.8102,0.8107,0,0,0.7
Contract67,,,,0,0,0.7
contracts,0.1828,0.6933,0.5656,0,0,0.7
contribute,0.0293,0.9396,0.9715,0,0,0.7
contributing,0.0294,0.7743,0.89,0,0,0.7
Control,0.3795,0.8561,0.8447,0,0,0.7
controlled,0.3288,0.7284,0.7369,0,0,0.7
controls,0.1673,0.874,0.7958,0,0,0.7
conventional,0.0849,0.6539,0.9531,0,0,0.7
conventionally,0.0152,0.6003,0.8421,0,0,0.7
conventions,0.1184,0.6528,0.762,0,0,0.7
Convergent,0.0775,0.8749,0.7036,0,0,0.7
Converging,0.0165,0.7302,0.8266,0,0,0.7
conversation,0.0636,0.781,0.8771,0,0,0.7
conversion,0.046,0.9247,0.7968,0,0,0.7
converts,0.0671,0.8875,0.9244,0,0,0.7
coordination,0.0517,0.9682,0.8763,0,0,0.7
Core,0.0605,0.6678,0.9487,0,0,0.7
Correct,0.0215,0.6021,0.9676,0,0,0.7
correcting,0.015,0.7664,0.8727,0,0,0.7
correction,0.1603,0.7427,0.7597,0,0,0.7
corrections,0.0231,0.8018,0.9044,0,0,0.7
correctness,0.0446,0.6479,0.8571,0,0,0.7
Cost,0.0603,0.7811,0.9769,0,0,0.7
Cost67,,,,0,0,0.7
costly,0.0096,0.3775,0.946,0,0,0.7
Costs,0.024,0.8425,0.9685,0,0,0.7
could,0.0147,0.6683,0.984,0,0,0.7
count,0.0326,0.6226,0.9377,0,0,0.7
counter,0.0327,0.7225,0.8873,0,0,0.7
Countermeasure,0.2285,0.8214,0.3679,0,0,0.7
counters,0.0687,0.3663,0.8304,0,0,0.7
cover,0.0324,0.8582,0.8863,0,0,0.7
coverage,0.0801,0.6251,0.7407,0,0,0.7
covers,0.1644,0.8043,0.9567,0,0,0.7
crafted,0.0172,0.7391,0.846,0,0,0.7
crafting,0.0223,0.9494,0.7336,0,0,0.7
crash,0.4195,0.7828,0.915,0,0,0.7
create,0.0241,0.7679,0.972,0,0,0.7
creates,0.0415,0.6778,0.8748,0,0,0.7
creating,0.106,0.931,0.8716,0,0,0.7
creation,0.1808,0.8826,0.8233,0,0,0.7
creative,0.0138,0.7681,0.9529,0,0,0.7
creativity,0.012,0.8027,0.8735,0,0,0.7
creep,0.108,0.9147,0.6579,0,0,0.7
criteria,0.1004,0.7553,0.778,0,0,0.7
Criterion,0.0505,0.3271,0.8075,0,0,0.7
critical,0.0646,0.8707,0.9401,0,0,0.7
cross,0.0375,0.7173,0.9217,0,0,0.7
crossing,0.1005,0.5849,0.7522,0,0,0.7
Cube,0.7516,0.7121,0.5474,0,0,0.7
Cultural,0.0747,0.5286,0.9145,0,0,0.7
culturally,0.0352,0.6742,0.7864,0,0,0.7
Culture,0.4912,0.7617,0.9627,0,0,0.7
Cultures,0.0571,0.2704,0.8245,0,0,0.7
Cultures67,,,,0,0,0.7
curated,0.0688,0.805,0.5415,0,0,0.7
current,0.0853,0.6651,0.9662,0,0,0.7
Currently,0.017,0.3792,0.9715,0,0,0.7
curve,0.0528,0.7188,0.7068,0,0,0.7
cycle,0.1929,0.8387,0.6575,0,0,0.7
cycles,0.0584,0.7881,0.6923,0,0,0.7
cyclical,0.0223,0.8048,0.8921,0,0,0.7
D,0.5995,0.6768,0.6882,0,0,0.7
Daily,0.1916,0.9411,0.9717,0,0,0.7
damaging,0.013,0.5635,0.9296,0,0,0.7
dangerous,0.0116,0.5555,0.941,0,0,0.7
Daniel,0.8995,0.0983,0.2184,0.8,0,0.1
data,0.117,0.6345,0.8892,0,0,0.7
database,0.0605,0.7691,0.8395,0,0,0.7
Dataverse,0.9438,0.8376,0.0863,0,0,0.7
Date,0.17,0.3574,0.9238,0,0,0.7
dates,0.0222,0.388,0.9586,0,0,0.7
day,0.0336,0.6767,0.9554,0,0,0.7
Days,0.0506,0.7702,0.9413,0,0,0.7
Deadline,0.1963,0.5057,0.9156,0,0,0.7
Deadlines,0.1047,0.8621,0.8474,0,0,0.7
deadlocks,0.097,0.845,0.4027,0,0,0.7
debate,0.0101,0.9067,0.9825,0,0,0.7
debating,0.0108,0.9143,0.8326,0,0,0.7
debrief,0.1238,0.9406,0.8912,0,0,0.7
debt,0.1492,0.5962,0.8532,0,0,0.7
debuggers,0.1082,0.9332,0.5687,0,0,0.7
Decentralised,0.2884,0.8891,0.33,0,0,0.7
decentralization,0.1131,0.9475,0.4206,0,0,0.7
decentralized,0.1388,0.9344,0.524,0,0,0.7
Decide,0.0768,0.906,0.9646,0,0,0.7
decides,0.0666,0.9067,0.976,0,0,0.7
Deciding,0.0169,0.83,0.8385,0,0,0.7
Decision,0.0668,0.8174,0.9063,0,0,0.7
Decision66,,,,0,0,0.7
Decisions,0.0827,0.8381,0.858,0,0,0.7
Decisions25,,,,0,0,0.7
Declare,0.2108,0.8721,0.702,0,0,0.7
declared,0.0249,0.545,0.7775,0,0,0.7
decline,0.0259,0.7676,0.8684,0,0,0.7
declines,0.0172,0.5942,0.9053,0,0,0.7
Declining,0.0888,0.7478,0.9386,0,0,0.7
decoded,0.2244,0.7857,0.4116,0,0,0.7
Decompose,0.0197,0.9366,0.8702,0,0,0.7
Decomposition,0.1569,0.9315,0.338,0,0,0.7
decompress,0.0429,0.8912,0.7245,0,0,0.7
decompression,0.0883,0.9601,0.4955,0,0,0.7
dedicated,0.0199,0.8905,0.9093,0,0,0.7
Deep,0.095,0.8091,0.8262,0,0,0.7
deepen,0.0193,0.8518,0.8893,0,0,0.7
deepest,0.0326,0.747,0.738,0,0,0.7
deeply,0.0195,0.3192,0.8733,0,0,0.7
default,0.4088,0.6298,0.8735,0,0,0.7
defaults,0.4416,0.8886,0.7803,0,0,0.7
Defence,0.7772,0.4503,0.6349,0,0,0.7
defensible,0.0284,0.5151,0.675,0,0,0.7
Defer,0.0901,0.8059,0.947,0,0,0.7
deferred,0.0198,0.8762,0.8893,0,0,0.7
defers,0.025,0.7294,0.952,0,0,0.7
deficit,0.2139,0.8389,0.4614,0,0,0.7
Define,0.055,0.7754,0.9669,0,0,0.7
defined,0.1355,0.8287,0.883,0,0,0.7
defines,0.0776,0.3428,0.6898,0,0,0.7
Definition,0.2965,0.3575,0.8257,0,0,0.7
Degradation,0.2745,0.8627,0.8039,0,0,0.7
Degradation30,,,,0,0,0.7
Degradation41,,,,0,0,0.7
degrade,0.0351,0.5914,0.7907,0,0,0.7
degraded,0.0999,0.8921,0.7219,0,0,0.7
degrades,0.021,0.8381,0.8871,0,0,0.7
degrading,0.0131,0.5429,0.8511,0,0,0.7
Delay,0.0187,0.8297,0.984,0,0,0.7
Delayed,0.2254,0.81,0.969,0,0,0.7
delaying,0.0201,0.8849,0.7818,0,0,0.7
delays,0.0232,0.782,0.9189,0,0,0.7
delegated,0.0729,0.885,0.8058,0,0,0.7
delegation,0.0447,0.5902,0.8353,0,0,0.7
deliberate,0.0148,0.7959,0.898,0,0,0.7
deliberately,0.0951,0.6587,0.89,0,0,0.7
deliver,0.0342,0.8201,0.9604,0,0,0.7
deliverables,0.0438,0.8574,0.7936,0,0,0.7
delivered,0.0639,0.8468,0.9543,0,0,0.7
delivering,0.1156,0.9237,0.8573,0,0,0.7
delivery,0.086,0.9439,0.8827,0,0,0.7
DELIVERY21,0.4351,0.7734,0.0588,0,0,0.7
demanding,0.0227,0.5436,0.9184,0,0,0.7
demands,0.1129,0.5722,0.7566,0,0,0.7
demo,0.0625,0.9121,0.84,0,0,0.7
demobilisation,0.0748,0.9714,0.4151,0,0,0.7
demobilization,0.058,0.9327,0.6851,0,0,0.7
Demonstrate,0.0285,0.858,0.9372,0,0,0.7
demonstrated,0.0193,0.7383,0.9238,0,0,0.7
demonstrates,0.019,0.4778,0.8726,0,0,0.7
denied,0.195,0.7448,0.7315,0,0,0.7
denoted,0.0557,0.1767,0.7798,0,0,0.7
Dependabot,0.9659,0.9496,0.0675,0,0,0.7
dependencies,0.263,0.8423,0.6038,0,0,0.7
dependency,0.0486,0.7899,0.7476,0,0,0.7
Depends,0.0575,0.653,0.6983,0,0,0.7
Dependsabot,0.6838,0.5419,0.0297,0,0,0.7
deploy,0.1064,0.9753,0.8932,0,0,0.7
deployable,0.124,0.8069,0.54,0,0,0.7
deployed,0.1585,0.8817,0.8318,0,0,0.7
deploying,0.0641,0.9571,0.7598,0,0,0.7
Deployment,0.1908,0.9229,0.6561,0,0,0.7
Deployment36,,,,0,0,0.7
deployments,0.1103,0.8792,0.2834,0,0,0.7
deprioritizes,0.0888,0.8736,0.6573,0,0,0.7
depth,0.1299,0.8981,0.8672,0,0,0.7
describe,0.0946,0.778,0.9319,0,0,0.7
describing,0.1825,0.526,0.7545,0,0,0.7
Description,0.3637,0.3869,0.9517,0,0,0.7
Design,0.1021,0.8498,0.9081,0,0,0.7
designed,0.041,0.7618,0.9397,0,0,0.7
designer,0.3525,0.8555,0.6875,0,0,0.7
designing,0.0258,0.7464,0.7886,0,0,0.7
designs,0.1933,0.8563,0.7471,0,0,0.7
desired,0.06,0.5923,0.7397,0,0,0.7
desk,0.0233,0.3646,0.9823,0,0,0.7
despite,0.018,0.3371,0.9743,0,0,0.7
DETAIL,0.1003,0.6478,0.6944,0,0,0.7
detailed,0.0571,0.6588,0.8764,0,0,0.7
details,0.0505,0.4564,0.6826,0,0,0.7
detect,0.0228,0.9375,0.9302,0,0,0.7
detects,0.048,0.802,0.6833,0,0,0.7
deteriorates,0.027,0.7993,0.8251,0,0,0.7
determine,0.0555,0.8301,0.9262,0,0,0.7
determines,0.0184,0.7583,0.921,0,0,0.7
Dev,0.3893,0.8161,0.7097,0,0,0.7
Develop,0.0493,0.8535,0.9516,0,0,0.7
developed,0.0446,0.7296,0.9479,0,0,0.7
Developer,0.2632,0.8486,0.633,0,0,0.7
developers,0.0875,0.8387,0.7743,0,0,0.7
Developing,0.0335,0.9727,0.9475,0,0,0.7
Development,0.1942,0.9068,0.8333,0,0,0.7
develops,0.0302,0.863,0.9588,0,0,0.7
Deviate,0.1022,0.4334,0.7607,0,0,0.7
deviation,0.1388,0.8145,0.7181,0,0,0.7
deviations,0.0847,0.9149,0.9115,0,0,0.7
device,0.2568,0.8233,0.8736,0,0,0.7
DevOps,0.6567,0.9685,0.1567,0,0,0.7
devs,0.2055,0.8697,0.4666,0,0,0.7
DevSecOps,0.8059,0.936,0.0399,0,0,0.7
diagnose,0.0181,0.9427,0.8232,0,0,0.7
diagnosis,0.1544,0.7169,0.8265,0,0,0.7
Diamond,0.5021,0.3075,0.8285,0,0,0.7
did,0.0325,0.3575,0.8368,0,0,0.7
didn,0.0327,0.2722,0.3214,0,0,0.7
DIE,0.0563,0.5319,0.9437,0,0,0.7
dieting,0.0704,0.8249,0.8856,0,0,0.7
Different,0.0528,0.4229,0.8998,0,0,0.7
differentiates,0.0242,0.6365,0.782,0,0,0.7
difficult,0.0089,0.424,0.9429,0,0,0.7
Difficulty,0.037,0.6956,0.9362,0,0,0.7
Digital,0.5462,0.9131,0.7841,0,0,0.7
Dimension,0.1653,0.6851,0.866,0,0,0.7
dimensions,0.0326,0.4825,0.8233,0,0,0.7
direct,0.1638,0.9012,0.9162,0,0,0.7
direction,0.1643,0.7431,0.8855,0,0,0.7
directly,0.0325,0.7646,0.9663,0,0,0.7
disagreements,0.0109,0.7686,0.9698,0,0,0.7
disappear,0.0158,0.3201,0.8249,0,0,0.7
disaster,0.1018,0.6939,0.8837,0,0,0.7
discard,0.0583,0.8215,0.8987,0,0,0.7
discarded,0.0904,0.3746,0.7361,0,0,0.7
discerning,0.0167,0.9001,0.4364,0,0,0.7
disciplinary,0.1549,0.3413,0.6112,0,0,0.7
discipline,0.0839,0.955,0.7657,0,0,0.7
disclose,0.022,0.8516,0.9129,0,0,0.7
disclosures,0.026,0.6474,0.5054,0,0,0.7
discomfort,0.0285,0.3721,0.9087,0,0,0.7
Discover,0.0328,0.9193,0.9393,0,0,0.7
discoverable,0.025,0.6382,0.4539,0,0,0.7
discovery,0.253,0.9007,0.6511,0,0,0.7
discretion,0.0433,0.8562,0.9135,0,0,0.7
Discussion,0.0453,0.8938,0.9749,0,0,0.7
disparate,0.0123,0.6946,0.6932,0,0,0.7
disposability,0.1071,0.4818,0.4552,0,0,0.7
Disposable,0.2627,0.497,0.7166,0,0,0.7
disrupted,0.0833,0.8732,0.6945,0,0,0.7
disruption,0.0549,0.6774,0.7894,0,0,0.7
disruptive,0.0263,0.4999,0.5383,0,0,0.7
disrupts,0.0353,0.8887,0.8839,0,0,0.7
Distal,0.0247,0.538,0.8922,0,0,0.7
Distance,0.1297,0.6624,0.7881,0,0,0.7
distilling,0.0651,0.9458,0.4993,0,0,0.7
distinct,0.0579,0.607,0.9422,0,0,0.7
distinguish,0.0113,0.9012,0.8931,0,0,0.7
distinguishing,0.0121,0.6511,0.6942,0,0,0.7
distributed,0.1242,0.8801,0.8067,0,0,0.7
divergence,0.0434,0.5582,0.3679,0,0,0.7
Divergent,0.0299,0.8933,0.7973,0,0,0.7
diverse,0.0192,0.753,0.9083,0,0,0.7
diversity,0.0636,0.8314,0.8254,0,0,0.7
divide,0.1381,0.5844,0.8613,0,0,0.7
Do,0.0473,0.5128,0.9085,0,0,0.7
DOCUMENT,0.3045,0.4436,0.9023,0,0,0.7
documentation,0.0731,0.6804,0.7334,0,0,0.7
documented,0.132,0.7348,0.8206,0,0,0.7
documenting,0.0109,0.8836,0.7597,0,0,0.7
Does,0.0295,0.3,0.9581,0,0,0.7
doesn,0.0577,0.4807,0.5968,0,0,0.7
Domain,0.399,0.7824,0.578,0,0,0.7
domains,0.1207,0.8243,0.5499,0,0,0.7
don,0.1291,0.4324,0.5971,0,0,0.7
Done,0.1523,0.3602,0.9317,0,0,0.7
down,0.075,0.6343,0.9514,0,0,0.7
downstream,0.0477,0.7427,0.6345,0,0,0.7
downtime,0.0161,0.7393,0.945,0,0,0.7
draft,0.1666,0.7607,0.8966,0,0,0.7
draftEffective,0.4499,0.3075,0.1577,0,0,0.7
DRAFTIssuing,0.4806,0.3862,0.0365,0,0,0.7
dramatically,0.0181,0.6947,0.8163,0,0,0.7
drawn,0.0386,0.1456,0.9109,0,0,0.7
drift,0.078,0.6677,0.667,0,0,0.7
drills,0.0381,0.9396,0.8095,0,0,0.7
drive,0.0536,0.1717,0.9603,0,0,0.7
driven,0.0349,0.8758,0.775,0,0,0.7
driver,0.0857,0.4088,0.8587,0,0,0.7
drivers,0.1346,0.6697,0.8324,0,0,0.7
Drives,0.0392,0.7917,0.8488,0,0,0.7
dropped,0.0432,0.7339,0.7938,0,0,0.7
drops,0.0428,0.7487,0.9161,0,0,0.7
DSO,0.7669,0.7576,0.0467,0,0,0.7
DSTA,0.842,0.8295,0.0323,0.8,0.8,0.1
dual,0.3515,0.8084,0.7302,0,0,0.7
dumping,0.101,0.7798,0.4023,0,0,0.7
duplication,0.0887,0.8495,0.5932,0,0,0.7
Duration,0.2439,0.7071,0.8862,0,0,0.7
During,0.1255,0.6838,0.9203,0,0,0.7
duty,0.1352,0.824,0.9064,0,0,0.7
DXO,0.703,0.725,0.0664,0.8,0.8,0.1
Dy,0.3611,0.2926,0.1628,0,0,0.7
dynamics,0.026,0.7549,0.7443,0,0,0.7
E,0.315,0.3551,0.59,0,0,0.7
E2E,0.7896,0.9489,0.2463,0,0,0.7
E3,0.4303,0.7023,0.0452,0,0,0.7
Each,0.0234,0.369,0.9795,0,0,0.7
earliest,0.5028,0.7943,0.8432,0,0,0.7
Early,0.0409,0.6728,0.9319,0,0,0.7
earned,0.0236,0.6843,0.9735,0,0,0.7
Ease,0.0888,0.4849,0.9536,0,0,0.7
Easily,0.0193,0.5714,0.9679,0,0,0.7
easy,0.0276,0.6382,0.9546,0,0,0.7
EASYLOWER,0.1532,0.3006,0.0205,0,0,0.7
Eating,0.0709,0.7234,0.9709,0,0,0.7
edge,0.1208,0.6182,0.8228,0,0,0.7
Effect,0.0415,0.599,0.7991,0,0,0.7
Effective,0.115,0.8828,0.9756,0,0,0.7
effectively,0.0573,0.828,0.9533,0,0,0.7
Effects,0.1963,0.4133,0.8299,0,0,0.7
efficiency,0.0466,0.8542,0.9795,0,0,0.7
efficiently,0.0146,0.8431,0.9094,0,0,0.7
effort,0.032,0.8381,0.9731,0,0,0.7
ego,0.0487,0.3837,0.6067,0,0,0.7
Eisenhower,0.8652,0.7829,0.2133,0,0,0.7
elegance,0.0164,0.1133,0.8099,0,0,0.7
Element,0.2683,0.7264,0.7349,0,0,0.7
Element40,,,,0,0,0.7
Elements,0.5834,0.348,0.6356,0,0,0.7
Elements62,,,,0,0,0.7
eligibility,0.0501,0.8242,0.6893,0,0,0.7
eliminate,0.0448,0.8892,0.9638,0,0,0.7
eliminated,0.02,0.8254,0.9263,0,0,0.7
eliminating,0.0461,0.8319,0.8867,0,0,0.7
else,0.0145,0.2399,0.981,0,0,0.7
embed,0.2062,0.8497,0.4288,0,0,0.7
embedded,0.0811,0.9052,0.663,0,0,0.7
embeds,0.171,0.8734,0.2829,0,0,0.7
emerge,0.0156,0.699,0.8124,0,0,0.7
emerges,0.0096,0.6875,0.902,0,0,0.7
emerging,0.0342,0.7597,0.4929,0,0,0.7
empathy,0.2348,0.891,0.845,0,0,0.7
empirical,0.0302,0.8724,0.7231,0,0,0.7
Empower,0.1124,0.9205,0.8165,0,0,0.7
enable,0.0565,0.8052,0.8576,0,0,0.7
enabler,0.0568,0.9277,0.5697,0,0,0.7
enablers,0.0361,0.7399,0.5876,0,0,0.7
enables,0.0221,0.7315,0.9388,0,0,0.7
Enabling,0.1581,0.8738,0.7192,0,0,0.7
Encode,0.134,0.8215,0.7149,0,0,0.7
encrypt,0.0316,0.981,0.6906,0,0,0.7
End,0.2138,0.5687,0.9499,0,0,0.7
Endorsed,0.0472,0.6599,0.7354,0,0,0.7
endorsement,0.038,0.7269,0.6339,0,0,0.7
ends,0.0293,0.7222,0.8663,0,0,0.7
Enemy,0.2909,0.7492,0.6662,0.29,0.75,0.1
energy,0.0224,0.745,0.9662,0,0,0.7
enforced,0.0399,0.8931,0.7241,0,0,0.7
Engagement,0.5143,0.9123,0.772,0,0,0.7
engine,0.6565,0.6651,0.8883,0,0,0.7
engineer,0.1508,0.7834,0.8543,0,0,0.7
engineered,0.5611,0.7022,0.7036,0,0,0.7
engineering,0.2295,0.8883,0.5679,0,0,0.7
engineers,0.0454,0.8461,0.8353,0,0,0.7
Enhancement,0.1853,0.8534,0.8463,0,0,0.7
Enough,0.028,0.4841,0.9371,0,0,0.7
ensure,0.0236,0.8665,0.9481,0,0,0.7
ensures,0.0658,0.9059,0.9304,0,0,0.7
Enterprise,0.7654,0.4646,0.4538,0,0,0.7
entire,0.2461,0.5411,0.8678,0,0,0.7
entirely,0.0383,0.5812,0.9023,0,0,0.7
entry,0.12,0.8746,0.8689,0,0,0.7
Environment,0.3656,0.8097,0.9369,0,0,0.7
Environments,0.343,0.8199,0.6035,0,0,0.7
Environments58,,,,0,0,0.7
epic,0.7401,0.8779,0.2802,0,0,0.7
equal,0.0454,0.559,0.9465,0,0,0.7
equals,0.107,0.3118,0.7358,0,0,0.7
equations,0.0622,0.806,0.3868,0,0,0.7
equivalent,0.3267,0.5314,0.6614,0,0,0.7
era,0.3029,0.6651,0.6654,0,0,0.7
Ernest,0.8919,0.1947,0.6816,0.8,0,0.1
erosion,0.0444,0.8531,0.7991,0,0,0.7
error,0.0931,0.1783,0.3084,0,0,0.7
errors,0.0404,0.6623,0.8424,0,0,0.7
escalate,0.0275,0.9478,0.9002,0,0,0.7
Escalation,0.3417,0.9035,0.8271,0,0,0.7
especially,0.0256,0.6327,0.9532,0,0,0.7
essential,0.0271,0.4621,0.8926,0,0,0.7
estab,0.3829,0.2584,0.1942,0,0,0.7
Establish,0.0343,0.9337,0.9657,0,0,0.7
established,0.1128,0.7991,0.9419,0,0,0.7
estimates,0.0387,0.8525,0.6279,0,0,0.7
evaluate,0.0239,0.9152,0.9017,0,0,0.7
evaluation,0.055,0.9144,0.8456,0,0,0.7
even,0.0248,0.6462,0.8989,0,0,0.7
event,0.0592,0.8257,0.9224,0,0,0.7
events,0.1691,0.7908,0.82,0,0,0.7
Eventually,0.0131,0.2561,0.9037,0,0,0.7
Ever,0.0313,0.174,0.7188,0,0,0.7
Every,0.0215,0.4977,0.9837,0,0,0.7
everyone,0.0487,0.4779,0.9617,0,0,0.7
everything,0.0407,0.2487,0.98,0,0,0.7
evidence,0.0461,0.6012,0.9146,0,0,0.7
evolve,0.0182,0.8937,0.8841,0,0,0.7
evolved,0.0695,0.7862,0.8683,0,0,0.7
exact,0.0254,0.4804,0.8195,0,0,0.7
exactly,0.0147,0.5803,0.9525,0,0,0.7
examining,0.0204,0.9448,0.7979,0,0,0.7
Example,0.3465,0.362,0.7483,0,0,0.7
Examples,0.0641,0.6084,0.9598,0,0,0.7
exceeding,0.0967,0.6899,0.7383,0,0,0.7
Excellent,0.0145,0.2491,0.9509,0,0,0.7
excuse,0.0185,0.2055,0.9176,0,0,0.7
execute,0.0546,0.9115,0.941,0,0,0.7
executed,0.1251,0.5529,0.8716,0,0,0.7
executes,0.2397,0.8889,0.8582,0,0,0.7
Execution,0.1647,0.9424,0.7695,0,0,0.7
Execution38,,,,0,0,0.7
Executive,0.6776,0.4367,0.8367,0,0,0.7
Exercise,0.4252,0.9054,0.9339,0,0,0.7
exercised,0.0393,0.9151,0.8327,0,0,0.7
exercises,0.1896,0.9743,0.9094,0,0,0.7
exercising,0.1278,0.9347,0.88,0,0,0.7
exhaustive,0.0133,0.835,0.5737,0,0,0.7
Exist,0.1087,0.3563,0.6943,0,0,0.7
existing,0.1723,0.6701,0.864,0,0,0.7
Exists,0.0435,0.4569,0.9408,0,0,0.7
Exists61,,,,0,0,0.7
exit,0.0307,0.8648,0.9733,0,0,0.7
expect,0.0288,0.309,0.9337,0,0,0.7
Expectation,0.3959,0.4301,0.8275,0,0,0.7
Expectation64,,,,0,0,0.7
expectations,0.2345,0.795,0.791,0,0,0.7
expected,0.0322,0.545,0.7696,0,0,0.7
expects,0.1167,0.5135,0.8873,0,0,0.7
expedite,0.0576,0.9358,0.8807,0,0,0.7
expediting,0.0575,0.9094,0.7081,0,0,0.7
expensive,0.0224,0.5819,0.9304,0,0,0.7
experience,0.0233,0.6987,0.9799,0,0,0.7
experienced,0.0351,0.493,0.9826,0,0,0.7
experiment,0.0174,0.958,0.9393,0,0,0.7
Experimental,0.09,0.6911,0.7293,0,0,0.7
Experimentation,0.2104,0.872,0.4032,0,0,0.7
experiments,0.1317,0.8941,0.6446,0,0,0.7
Expert,0.0854,0.8168,0.7869,0,0,0.7
expertise,0.0189,0.7271,0.8356,0,0,0.7
experts,0.1019,0.8628,0.9322,0,0,0.7
explain,0.0137,0.7727,0.9725,0,0,0.7
explaining,0.0219,0.4345,0.8125,0,0,0.7
explains,0.0775,0.736,0.9156,0,0,0.7
explanation,0.0387,0.3214,0.9238,0,0,0.7
explanations,0.0728,0.6278,0.6935,0,0,0.7
Explicit,0.0516,0.7377,0.7357,0,0,0.7
Explicitly,0.0643,0.4946,0.7244,0,0,0.7
Explicitly65,,,,0,0,0.7
explodes,0.0309,0.72,0.7254,0,0,0.7
exploration,0.0336,0.9347,0.6846,0,0,0.7
explore,0.0192,0.886,0.9678,0,0,0.7
Export,0.1677,0.9334,0.9324,0,0,0.7
expose,0.0317,0.8604,0.8699,0,0,0.7
Exposure,0.1409,0.7517,0.7302,0,0,0.7
extend,0.0199,0.9552,0.9658,0,0,0.7
extended,0.0318,0.7172,0.6123,0,0,0.7
extends,0.0466,0.4138,0.9175,0,0,0.7
external,0.1363,0.8953,0.9227,0,0,0.7
externally,0.2077,0.8514,0.7118,0,0,0.7
extra,0.0248,0.2146,0.4465,0,0,0.7
Extreme,0.045,0.5372,0.8359,0,0,0.7
F,0.3155,0.4224,0.293,0,0,0.7
fabricated,0.0593,0.2847,0.3388,0,0,0.7
Facing,0.0453,0.5401,0.9377,0,0,0.7
fail,0.0285,0.7794,0.8983,0,0,0.7
failed,0.0544,0.5999,0.9484,0,0,0.7
failing,0.0188,0.6511,0.9527,0,0,0.7
Fails,0.0782,0.7046,0.71,0,0,0.7
failure,0.2031,0.8287,0.9287,0,0,0.7
failures,0.0639,0.6791,0.8788,0,0,0.7
fallacy,0.7306,0.8383,0.6634,0,0,0.7
Fallback,0.2507,0.8518,0.8481,0,0,0.7
fallbacks,0.1608,0.7103,0.664,0,0,0.7
falls,0.0385,0.4765,0.9388,0,0,0.7
Familiar,0.0133,0.053,0.9867,0,0,0.7
far,0.0407,0.293,0.7333,0,0,0.7
Fast,0.0563,0.7376,0.9581,0,0,0.7
faster,0.0416,0.6192,0.9433,0,0,0.7
fatigue,0.0163,0.7099,0.9809,0,0,0.7
fault,0.1105,0.5285,0.6808,0,0,0.7
faults,0.1488,0.8214,0.5899,0,0,0.7
FDE,0.9227,0.8465,0.0696,0,0,0.7
FDEs,0.4426,0.6426,0.0476,0,0,0.7
FE,0.343,0.6149,0.1856,0,0,0.7
feature,0.0736,0.7905,0.9082,0,0,0.7
features,0.0541,0.7264,0.875,0,0,0.7
Fed,0.0962,0.5369,0.8209,0,0,0.7
feed,0.4015,0.8514,0.7805,0,0,0.7
Feedback,0.0336,0.864,0.9251,0,0,0.7
Feeding,0.3864,0.6755,0.7606,0,0,0.7
feel,0.0159,0.4911,0.9736,0,0,0.7
feeling,0.0234,0.2793,0.9543,0,0,0.7
feels,0.0164,0.3661,0.9436,0,0,0.7
felt,0.0132,0.4418,0.923,0,0,0.7
fetch,0.0248,0.9179,0.9433,0,0,0.7
fewer,0.0271,0.6926,0.9721,0,0,0.7
FFP,0.8255,0.9538,0.0801,0.82,0.95,0.1
Fidelity,0.2522,0.6504,0.718,0,0,0.7
field,0.1269,0.7603,0.8437,0,0,0.7
fielded,0.0299,0.9232,0.4188,0,0,0.7
fight,0.0615,0.7666,0.9582,0,0.77,0.1
figure,0.0766,0.6195,0.8134,0,0,0.7
files,0.2697,0.334,0.7529,0,0,0.7
fill,0.0177,0.8807,0.9021,0,0,0.7
Final,0.3864,0.5585,0.9209,0,0,0.7
find,0.0165,0.8156,0.9814,0,0,0.7
finding,0.0316,0.5362,0.7976,0,0,0.7
fire,0.0535,0.7799,0.9784,0,0,0.7
first,0.0285,0.547,0.9534,0,0,0.7
Fit,0.1408,0.5383,0.9303,0,0,0.7
five,0.0393,0.4315,0.9693,0,0,0.7
fixed,0.0681,0.7089,0.8824,0,0,0.7
Fixes,0.1529,0.9346,0.9205,0,0,0.7
flex,0.056,0.8853,0.5253,0,0,0.7
flexes,0.0298,0.8214,0.6538,0,0,0.7
flexible,0.0444,0.5318,0.9336,0,0,0.7
Flood,0.1504,0.6145,0.9809,0,0,0.7
Floor,0.06,0.2655,0.9906,0,0,0.7
flow,0.0974,0.8236,0.7925,0,0,0.7
flows,0.1303,0.7416,0.6931,0,0,0.7
fluency,0.0596,0.8628,0.6144,0,0,0.7
Flutter,0.8789,0.4036,0.2802,0,0,0.7
Focus,0.0504,0.8019,0.9592,0,0,0.7
focused,0.0188,0.8189,0.8913,0,0,0.7
follow,0.0256,0.8859,0.9772,0,0,0.7
followed,0.0159,0.6629,0.9528,0,0,0.7
following,0.0546,0.316,0.8768,0,0,0.7
follows,0.021,0.4395,0.973,0,0,0.7
for,,,,0,0,0.7
forbidden,0.0245,0.6314,0.3489,0,0,0.7
Force,0.463,0.9132,0.9149,0.1,0.91,0.1
forces,0.1579,0.7695,0.8506,0.1,0.77,0.1
forcing,0.0244,0.523,0.5927,0,0,0.7
forged,0.0162,0.6035,0.3899,0,0,0.7
form,0.0377,0.6883,0.8949,0,0,0.7
formal,0.0356,0.5972,0.9207,0,0,0.7
Formalize,0.0217,0.9273,0.6962,0,0,0.7
formally,0.0283,0.648,0.7533,0,0,0.7
format,0.0242,0.6837,0.9579,0,0,0.7
formation,0.0662,0.7609,0.8374,0,0,0.7
formed,0.0128,0.6404,0.9409,0,0,0.7
forming,0.1539,0.878,0.5774,0,0,0.7
formulates,0.0401,0.8738,0.7469,0,0,0.7
forRAP,0.7418,0.4324,0.0198,0,0,0.7
Forward,0.5289,0.8069,0.8268,0,0,0.7
FOUNDATION,0.1735,0.6168,0.9437,0,0,0.7
four,0.065,0.4338,0.9352,0,0,0.7
fractionally,0.0188,0.1876,0.2416,0,0,0.7
Frame,0.0429,0.7433,0.8443,0,0,0.7
Framework,0.8891,0.67,0.3019,0,0,0.7
frameworks,0.1002,0.8533,0.3655,0,0,0.7
freedom,0.0604,0.5445,0.9536,0,0,0.7
freely,0.0105,0.8492,0.9682,0,0,0.7
freezes,0.1173,0.8094,0.7816,0,0,0.7
frequent,0.0242,0.8172,0.9775,0,0,0.7
Fresh,0.0663,0.6276,0.9651,0,0,0.7
freshly,0.0136,0.2458,0.8574,0,0,0.7
friction,0.0416,0.8893,0.9377,0,0,0.7
from,,,,0,0,0.7
front,0.0226,0.6901,0.9486,0,0,0.7
frontend,0.1673,0.8484,0.6434,0,0,0.7
Full,0.0923,0.815,0.8612,0,0,0.7
fully,0.3007,0.7139,0.7076,0,0,0.7
function,0.0522,0.6432,0.9092,0,0,0.7
functional,0.1102,0.7643,0.778,0,0,0.7
functionally,0.0179,0.8365,0.8585,0,0,0.7
further,0.0397,0.8169,0.91,0,0,0.7
Future,0.0461,0.5385,0.9661,0,0,0.7
Fx,0.6648,0.7533,0.0607,0,0,0.7
G,0.3588,0.4516,0.3901,0,0,0.7
gain,0.1794,0.7606,0.9092,0,0,0.7
gaining,0.0233,0.8721,0.9072,0,0,0.7
gap,0.0256,0.6276,0.8542,0,0,0.7
gaps,0.0514,0.8151,0.5679,0,0,0.7
Gary,0.8008,0.4554,0.6845,0,0,0.7
gate,0.4197,0.9376,0.8215,0,0,0.7
gatekeeping,0.0818,0.9185,0.6808,0,0,0.7
gates,0.2069,0.9122,0.4961,0,0,0.7
gathered,0.0235,0.4605,0.9078,0,0,0.7
gathering,0.1395,0.8139,0.8695,0,0,0.7
GCC,0.7699,0.8411,0.0837,0,0.8,0.1
gen,0.0489,0.8179,0.2609,0,0,0.7
generalist,0.0965,0.9498,0.9255,0,0,0.7
Generate,0.0605,0.713,0.7864,0,0,0.7
Generated,0.5917,0.7278,0.1641,0,0,0.7
generates,0.0828,0.8099,0.9097,0,0,0.7
generation,0.1199,0.9138,0.5647,0,0,0.7
generic,0.027,0.2571,0.9138,0,0,0.7
genuine,0.0181,0.3313,0.9037,0,0,0.7
genuinely,0.026,0.4525,0.7827,0,0,0.7
get,0.0504,0.5503,0.8487,0,0,0.7
Gets,0.0235,0.4375,0.824,0,0,0.7
getting,0.0185,0.8024,0.8595,0,0,0.7
GitHub,0.9588,0.9171,0.0674,0,0,0.7
GitLab,0.9382,0.8621,0.0624,0,0,0.7
give,0.0286,0.712,0.9829,0,0,0.7
given,0.0636,0.6609,0.8257,0,0,0.7
giver,0.3313,0.7136,0.6418,0,0,0.7
gives,0.0251,0.623,0.9054,0,0,0.7
giving,0.0235,0.734,0.9116,0,0,0.7
Glossary,0.6237,0.5348,0.677,0,0,0.7
go,0.0346,0.4199,0.9025,0,0,0.7
goal,0.2759,0.89,0.8865,0,0,0.7
Goals,0.3113,0.8041,0.807,0,0,0.7
goes,0.0133,0.563,0.9534,0,0,0.7
Gold,0.6536,0.741,0.9747,0,0,0.7
gone,0.0151,0.3661,0.8792,0,0,0.7
Good,0.0204,0.6014,0.9913,0,0,0.7
got,0.0643,0.1894,0.8214,0,0,0.7
govern,0.0319,0.5535,0.9609,0,0,0.7
governance,0.1715,0.879,0.4054,0,0,0.7
governed,0.0918,0.7101,0.8874,0,0,0.7
Government,0.8177,0.6951,0.8584,0.8,0.8,0.1
GovTech,0.9495,0.8551,0.0488,0.8,0.8,0.1
grant,0.0586,0.7521,0.9178,0,0,0.7
grasps,0.0643,0.598,0.7757,0,0,0.7
greatest,0.0371,0.7065,0.9195,0,0,0.7
green,0.1793,0.7725,0.9505,0,0,0.7
grew,0.0157,0.3566,0.9589,0,0,0.7
Grill,0.6276,0.7008,0.8923,0,0,0.7
ground,0.1453,0.7692,0.9472,0,0,0.7
group,0.0364,0.6104,0.918,0,0,0.7
groupthink,0.0738,0.8831,0.4142,0,0,0.7
grow,0.0284,0.4364,0.9291,0,0,0.7
grows,0.0297,0.6068,0.8966,0,0,0.7
guarantee,0.027,0.3365,0.9291,0,0,0.7
guaranteed,0.0226,0.4524,0.8399,0,0,0.7
Guardrails,0.2878,0.8514,0.4609,0,0,0.7
Guardrails29,,,,0,0,0.7
Guess,0.1106,0.7336,0.6734,0,0,0.7
guesses,0.0136,0.4477,0.816,0,0,0.7
guessing,0.0144,0.6223,0.5616,0,0,0.7
guidance,0.0623,0.8175,0.733,0,0,0.7
Guide,0.2701,0.7736,0.8674,0,0,0.7
Guide48,,,,0,0,0.7
Guided,0.2097,0.9016,0.6438,0,0,0.7
Guideline,0.1582,0.5668,0.802,0,0,0.7
guidelines,0.0584,0.2876,0.9069,0,0,0.7
gut,0.0922,0.3019,0.5731,0,0,0.7
H,0.638,0.388,0.3595,0,0,0.7
ha,0.0818,0.2063,0.5419,0,0,0.7
habits,0.037,0.7509,0.9165,0,0,0.7
Hackathon,0.4793,0.923,0.1798,0,0,0.7
half,0.0424,0.7498,0.9535,0,0,0.7
halves,0.0524,0.2982,0.7268,0,0,0.7
hand,0.0649,0.3091,0.8753,0,0,0.7
handing,0.0311,0.8612,0.7155,0,0,0.7
Handle,0.0372,0.9118,0.9407,0,0,0.7
handled,0.039,0.9251,0.9684,0,0,0.7
handling,0.0183,0.9315,0.9449,0,0,0.7
Handoff,0.0972,0.9532,0.6938,0,0,0.7
hands,0.0195,0.6084,0.9671,0,0,0.7
happen,0.0113,0.7146,0.9741,0,0,0.7
Happens,0.0299,0.5917,0.8586,0,0,0.7
Hard,0.0297,0.5827,0.9382,0,0,0.7
Harden,0.138,0.8957,0.9114,0,0,0.7
hardest,0.0197,0.5732,0.7973,0,0,0.7
HARDMORE,0.1457,0.5077,0.1196,0,0,0.7
Hardware,0.1611,0.8316,0.7027,0,0,0.7
Harness,0.5057,0.8921,0.3307,0,0,0.7
has,,,,0,0,0.7
Have,,,,0,0,0.7
Hd,0.7819,0.6778,0.0614,0,0,0.7
Head,0.8303,0.6445,0.8913,0,0,0.7
headcount,0.0415,0.8,0.7746,0,0,0.7
Headless,0.5956,0.9178,0.3646,0,0,0.7
heads,0.0141,0.2169,0.8954,0,0,0.7
heavily,0.0318,0.5768,0.9031,0,0,0.7
helps,0.017,0.7419,0.9599,0,0,0.7
here,0.023,0.3384,0.974,0,0,0.7
hesitation,0.0601,0.3212,0.6682,0,0,0.7
hidden,0.1251,0.8309,0.6797,0,0,0.7
hide,0.0304,0.3499,0.9836,0,0,0.7
hierarchy,0.1056,0.7386,0.6126,0,0,0.7
High,0.0387,0.5564,0.9557,0,0,0.7
higher,0.0364,0.5039,0.8886,0,0,0.7
Highest,0.0835,0.7968,0.9008,0,0,0.7
HIGHLEVERAGE,0.1245,0.3727,0.0322,0,0,0.7
highlights,0.0172,0.9188,0.9068,0,0,0.7
highly,0.0114,0.6986,0.9713,0,0,0.7
hinders,0.0137,0.8737,0.9449,0,0,0.7
history,0.0204,0.2128,0.9772,0,0,0.7
hoc,0.0358,0.7966,0.6074,0,0,0.7
hold,0.0417,0.6792,0.9633,0,0,0.7
Holding,0.0766,0.7989,0.9473,0,0,0.7
holds,0.0419,0.7002,0.8845,0,0,0.7
homogeneous,0.0235,0.5741,0.8286,0,0,0.7
hoping,0.0121,0.3564,0.9102,0,0,0.7
hosted,0.3845,0.8981,0.8107,0,0,0.7
Hosting,0.2211,0.7053,0.8254,0,0,0.7
hotfixes,0.0693,0.9028,0.2343,0,0,0.7
Hour,0.1366,0.4031,0.8516,0,0,0.7
hours,0.0285,0.8429,0.9614,0,0,0.7
How,0.0431,0.4502,0.9887,0,0,0.7
However,0.0382,0.1942,0.9831,0,0,0.7
hr,0.1371,0.1527,0.8232,0,0,0.7
Human,0.1025,0.7998,0.9751,0,0,0.7
Humans,0.1072,0.801,0.9727,0,0,0.7
hurt,0.0182,0.5795,0.9651,0,0,0.7
hypothesis,0.0417,0.7779,0.8106,0,0,0.7
I,,,,0,0,0.7
I3,0.6028,0.6238,0.0474,0,0,0.7
ideas,0.013,0.5432,0.9478,0,0,0.7
identification,0.025,0.8361,0.673,0,0,0.7
identified,0.1343,0.6216,0.7145,0,0,0.7
Identifies,0.0281,0.6872,0.7737,0,0,0.7
Identify,0.0373,0.9016,0.8872,0,0,0.7
identifying,0.0249,0.9394,0.8151,0,0,0.7
identity,0.074,0.5579,0.8131,0,0,0.7
If,,,,0,0,0.7
ignorantly,0.0205,0.2919,0.5764,0,0,0.7
Ignoring,0.0112,0.6859,0.9502,0,0,0.7
imagine,0.0088,0.4657,0.9303,0,0,0.7
imagining,0.0215,0.3358,0.7003,0,0,0.7
immediate,0.0476,0.7154,0.9092,0,0,0.7
immediately,0.0243,0.5788,0.9,0,0,0.7
Immersed,0.1809,0.1259,0.7595,0,0,0.7
immersion,0.2767,0.959,0.4776,0,0,0.7
Imminent,0.0303,0.747,0.853,0,0,0.7
impact,0.0362,0.5398,0.9274,0,0,0.7
impacting,0.0342,0.7042,0.8818,0,0,0.7
impatience,0.4303,0.7625,0.8752,0,0,0.7
implement,0.0487,0.9114,0.9312,0,0,0.7
implementation,0.0524,0.6631,0.8181,0,0,0.7
implementations,0.1444,0.7187,0.4151,0,0,0.7
implemented,0.0347,0.2329,0.9414,0,0,0.7
Implementer,0.4474,0.9356,0.3581,0,0,0.7
implementers,0.0594,0.9089,0.2648,0,0,0.7
implication,0.0537,0.814,0.711,0,0,0.7
Implicit,0.029,0.4406,0.4572,0,0,0.7
Important,0.0237,0.5045,0.9404,0,0,0.7
impose,0.0193,0.8405,0.9659,0,0,0.7
impossible,0.0278,0.5987,0.2122,0,0,0.7
impractical,0.0394,0.5072,0.7627,0,0,0.7
improve,0.0348,0.9271,0.9802,0,0,0.7
improves,0.0132,0.7733,0.9504,0,0,0.7
improvisation,0.1558,0.8485,0.6355,0,0,0.7
in,,,,0,0,0.7
including,0.1032,0.6239,0.9647,0,0,0.7
incoming,0.1744,0.8168,0.5588,0,0,0.7
incompetence,0.0174,0.4024,0.7617,0,0,0.7
incomplete,0.071,0.5507,0.3069,0,0,0.7
inconsistencies,0.0483,0.779,0.7828,0,0,0.7
increase,0.0216,0.9267,0.9829,0,0,0.7
increases,0.0275,0.7706,0.9414,0,0,0.7
increasingly,0.0098,0.6109,0.9024,0,0,0.7
indefinitely,0.0299,0.3897,0.3418,0,0,0.7
Independence,0.5865,0.8588,0.7433,0,0,0.7
Independence66,,,,0,0,0.7
independent,0.0254,0.5079,0.8777,0,0,0.7
independently,0.0163,0.745,0.7085,0,0,0.7
indicate,0.0229,0.5426,0.949,0,0,0.7
indicator,0.0423,0.5492,0.4781,0,0,0.7
Individual,0.0541,0.5167,0.8772,0,0,0.7
individually,0.0199,0.7922,0.9176,0,0,0.7
industrial,0.1312,0.8251,0.9041,0,0,0.7
Industry,0.4945,0.8421,0.735,0,0,0.7
inevitable,0.022,0.4661,0.8207,0,0,0.7
inevitably,0.0085,0.3044,0.7462,0,0,0.7
infer,0.0191,0.8856,0.7532,0,0,0.7
info,0.1823,0.8115,0.7371,0,0,0.7
informal,0.0308,0.7444,0.9691,0,0,0.7
information,0.0457,0.4629,0.9691,0,0,0.7
Informs,0.0544,0.5725,0.8869,0,0,0.7
infrastructure,0.2861,0.9332,0.6352,0,0,0.7
infused,0.0386,0.6292,0.5757,0,0,0.7
inherits,0.0677,0.7481,0.7183,0,0,0.7
Initial,0.2553,0.8004,0.8761,0,0,0.7
Initiated,0.1177,0.8865,0.8014,0,0,0.7
initiative,0.0491,0.9094,0.8943,0,0,0.7
injected,0.1414,0.6854,0.2971,0,0,0.7
Innovation,0.5564,0.9068,0.7338,0,0,0.7
innovations,0.0431,0.6344,0.4058,0,0,0.7
input,0.1622,0.3383,0.6876,0,0,0.7
inputs,0.0399,0.6799,0.7529,0,0,0.7
ins,0.1406,0.1651,0.3427,0,0,0.7
Insert,0.033,0.8137,0.884,0,0,0.7
inside,0.1387,0.6753,0.8509,0,0,0.7
insight,0.0243,0.7516,0.7734,0,0,0.7
Insights,0.2745,0.5647,0.4887,0,0,0.7
inspect,0.0947,0.4442,0.8861,0,0,0.7
inspecting,0.015,0.9212,0.6801,0,0,0.7
inspiration,0.0755,0.2646,0.8504,0,0,0.7
instance,0.0674,0.5879,0.7544,0,0,0.7
Instead,0.015,0.6174,0.9729,0,0,0.7
instinct,0.0118,0.737,0.9399,0,0,0.7
institutional,0.1407,0.8831,0.4713,0,0,0.7
institutionalized,0.0744,0.5313,0.5217,0,0,0.7
instruction,0.052,0.7273,0.8128,0,0,0.7
instructions,0.0535,0.8416,0.893,0,0,0.7
Instruments,0.1476,0.6514,0.4783,0,0,0.7
integrate,0.0362,0.9756,0.9285,0,0,0.7
integrated,0.078,0.8563,0.769,0,0,0.7
Integration,0.6263,0.8314,0.7141,0,0,0.7
INTEGRATION28,0.4396,0.6631,0.0319,0,0,0.7
integrations,0.0793,0.8991,0.3109,0,0,0.7
integrity,0.0271,0.9043,0.9515,0,0,0.7
intelligence,0.0608,0.7738,0.5199,0,0,0.7
intended,0.0374,0.7297,0.751,0,0,0.7
intensity,0.0275,0.7143,0.7952,0,0,0.7
Intent,0.4043,0.7637,0.6455,0,0,0.7
Intent63,,,,0,0,0.7
Intent64,,,,0,0,0.7
intentional,0.0616,0.7631,0.6523,0,0,0.7
intentionally,0.0112,0.6782,0.8703,0,0,0.7
interaction,0.1028,0.8837,0.733,0,0,0.7
interconnected,0.0298,0.7405,0.4487,0,0,0.7
interfaces,0.1005,0.7999,0.7812,0,0,0.7
interleaving,0.0186,0.9156,0.3258,0,0,0.7
internal,0.0726,0.6227,0.8633,0,0,0.7
internalised,0.0317,0.668,0.7135,0,0,0.7
internet,0.0509,0.7721,0.9054,0,0,0.7
interpret,0.0334,0.7474,0.9171,0,0,0.7
interpretation,0.06,0.7573,0.8635,0,0,0.7
interpretations,0.0245,0.496,0.4983,0,0,0.7
interrupt,0.0364,0.848,0.9139,0,0,0.7
into,,,,0,0,0.7
intrinsic,0.0287,0.3289,0.4849,0,0,0.7
introduce,0.0215,0.8008,0.9437,0,0,0.7
introduces,0.0165,0.7632,0.8468,0,0,0.7
Intuition,0.0624,0.7771,0.8449,0,0,0.7
invalidates,0.0172,0.7816,0.8866,0,0,0.7
invariant,0.0854,0.557,0.53,0,0,0.7
invariants,0.1059,0.4158,0.5174,0,0,0.7
invent,0.0467,0.7598,0.8015,0,0,0.7
invest,0.0289,0.9457,0.9194,0,0,0.7
Investigate,0.0155,0.938,0.9622,0,0,0.7
investigates,0.0168,0.9354,0.7567,0,0,0.7
investigation,0.0426,0.7954,0.8298,0,0,0.7
investing,0.0244,0.8567,0.6106,0,0,0.7
investment,0.0243,0.7915,0.9506,0,0,0.7
ironically,0.0062,0.0696,0.7781,0,0,0.7
irreducible,0.0385,0.4129,0.3313,0,0,0.7
irreversible,0.0141,0.7572,0.6997,0,0,0.7
is,,,,0,0,0.7
isn,0.1184,0.1783,0.2325,0,0,0.7
isolate,0.0439,0.8826,0.8883,0,0,0.7
isolated,0.0104,0.4085,0.8537,0,0,0.7
Issuance,0.2092,0.8756,0.7932,0,0,0.7
Issuance45,,,,0,0,0.7
Issuance46,,,,0,0,0.7
issue,0.0377,0.7177,0.9587,0,0,0.7
issuing,0.1931,0.795,0.6779,0,0,0.7
It,,,,0,0,0.7
Item,0.3119,0.6795,0.6672,0,0,0.7
items,0.4121,0.8253,0.725,0,0,0.7
iterate,0.0352,0.8067,0.9201,0,0,0.7
iterates,0.0325,0.9083,0.8632,0,0,0.7
iteration,0.1468,0.9111,0.787,0,0,0.7
iterations,0.0435,0.8784,0.8155,0,0,0.7
Its,,,,0,0,0.7
itself,0.7018,0.4661,0.6505,0,0,0.7
Java,0.7635,0.7698,0.0887,0,0,0.7
job,0.0241,0.7994,0.9591,0,0,0.7
john,0.6676,0.2265,0.8718,0.67,0.1,0.1
joining,0.0628,0.8401,0.8367,0,0,0.7
joins,0.1398,0.8073,0.9039,0,0,0.7
joint,0.2861,0.8658,0.8529,0,0,0.7
js,0.6892,0.663,0.0796,0,0,0.7
judge,0.0176,0.9593,0.9527,0,0,0.7
Judgment,0.0504,0.9182,0.8923,0,0,0.7
jump,0.0163,0.8579,0.9473,0,0,0.7
Just,0.0364,0.4017,0.9537,0,0,0.7
justification,0.0229,0.4223,0.9201,0,0,0.7
Kata,0.5193,0.2161,0.2141,0,0,0.7
Keep,0.0477,0.5584,0.9057,0,0,0.7
keeps,0.0179,0.7112,0.9401,0,0,0.7
kept,0.0583,0.7154,0.9256,0,0,0.7
Key,0.1275,0.6778,0.9689,0,0,0.7
kickstart,0.0252,0.9092,0.8331,0,0,0.7
kills,0.0203,0.6008,0.9505,0,0,0.7
Klein,0.8301,0.6154,0.4329,0,0,0.7
know,0.0525,0.468,0.9599,0,0,0.7
knowing,0.0252,0.729,0.9132,0,0,0.7
Knowledge,0.0681,0.5732,0.8585,0,0,0.7
known,0.0558,0.5485,0.9631,0,0,0.7
knows,0.0281,0.7127,0.9562,0,0,0.7
Kotlin,0.9232,0.5867,0.0732,0,0,0.7
L1,0.465,0.7353,0.0975,0,0,0.7
L10,0.2372,0.3907,0.2103,0,0,0.7
L11,0.2881,0.6738,0.159,0,0,0.7
L12,0.1944,0.5969,0.1159,0,0,0.7
L13,0.1673,0.718,0.172,0,0,0.7
L2,0.7115,0.892,0.2222,0,0,0.7
L3,0.308,0.4274,0.0987,0,0,0.7
L4,0.3705,0.5516,0.1051,0,0,0.7
L5,0.3202,0.5993,0.1628,0,0,0.7
L6,0.1379,0.5945,0.1454,0,0,0.7
L7,0.2117,0.2936,0.0873,0,0,0.7
L8,0.4474,0.3831,0.0875,0,0,0.7
L9,0.184,0.5996,0.1763,0,0,0.7
Label,0.1001,0.1203,0.3506,0,0,0.7
lack,0.0343,0.1774,0.7002,0,0,0.7
lacks,0.0288,0.3559,0.9534,0,0,0.7
Ladder,0.7471,0.8593,0.5532,0,0,0.7
Ladder62,,,,0,0,0.7
landmark,0.0762,0.7095,0.6188,0,0,0.7
Landmarks,0.1529,0.6782,0.8007,0,0,0.7
lands,0.0586,0.3177,0.7053,0,0,0.7
landscape,0.0201,0.6935,0.7692,0,0,0.7
lane,0.1741,0.8351,0.8279,0,0,0.7
laptop,0.0753,0.7227,0.9192,0,0,0.7
laptops,0.6425,0.6422,0.8112,0,0,0.7
Large,0.0573,0.7724,0.9864,0,0,0.7
largest,0.0536,0.5523,0.9515,0,0,0.7
larks,0.0538,0.3416,0.7634,0,0,0.7
last,0.101,0.4289,0.9753,0,0,0.7
late,0.0275,0.6894,0.9655,0,0,0.7
latency,0.2103,0.9145,0.69,0,0,0.7
latent,0.0724,0.8017,0.5245,0,0,0.7
later,0.0362,0.5969,0.9297,0,0,0.7
launch,0.0937,0.8572,0.9153,0,0,0.7
layer,0.0394,0.6004,0.765,0,0,0.7
layers,0.0219,0.795,0.8577,0,0,0.7
layout,0.0461,0.3291,0.8397,0,0,0.7
laziness,0.0182,0.5362,0.9724,0,0,0.7
Lead,0.5114,0.6192,0.817,0,0,0.7
leader,0.0317,0.7477,0.9537,0,0,0.7
Leadership,0.0862,0.788,0.7232,0,0,0.7
Leadership66,,,,0,0,0.7
leads,0.1082,0.6766,0.8005,0,0,0.7
learn,0.055,0.6629,0.9769,0,0,0.7
learned,0.0158,0.805,0.8529,0,0,0.7
learning,0.2013,0.9041,0.9303,0,0,0.7
LEARNING34,0.492,0.6377,0.1729,0,0,0.7
least,0.2101,0.6138,0.8072,0,0,0.7
leave,0.0286,0.4774,0.9715,0,0,0.7
left,0.0549,0.2212,0.8771,0,0,0.7
Length,0.1646,0.5412,0.8322,0,0,0.7
Length56,,,,0,0,0.7
less,0.0277,0.4246,0.9355,0,0,0.7
lesson,0.0283,0.8471,0.9077,0,0,0.7
lessons,0.2637,0.6289,0.8954,0,0,0.7
Let,0.0217,0.6678,0.9706,0,0,0.7
Level,0.4877,0.6725,0.9438,0,0,0.7
Levels,0.3458,0.4187,0.6813,0,0,0.7
Leverage,0.1285,0.7701,0.7548,0,0,0.7
levers,0.1502,0.6693,0.9237,0,0,0.7
liaising,0.0159,0.9732,0.8492,0,0,0.7
libraries,0.0481,0.7933,0.5607,0,0,0.7
Library,0.4579,0.7736,0.8178,0,0,0.7
lies,0.0367,0.2349,0.8022,0,0,0.7
Lieutenant,0.2154,0.2523,0.8002,0.8,0.8,0.1
lighter,0.0158,0.663,0.9622,0,0,0.7
Lightweight,0.0614,0.4745,0.878,0,0,0.7
like,0.021,0.2742,0.923,0,0,0.7
likely,0.07,0.3578,0.6897,0,0,0.7
limitations,0.274,0.8656,0.921,0,0,0.7
limited,0.0276,0.6477,0.9366,0,0,0.7
limiting,0.0758,0.8718,0.8168,0,0,0.7
limits,0.2201,0.6519,0.6609,0,0,0.7
line,0.0322,0.3338,0.9375,0,0,0.7
linear,0.017,0.4659,0.9367,0,0,0.7
lines,0.0684,0.7837,0.6466,0,0,0.7
link,0.1581,0.6898,0.9031,0,0,0.7
lists,0.0404,0.6661,0.8623,0,0,0.7
literal,0.021,0.444,0.8896,0,0,0.7
literalism,0.0615,0.8574,0.118,0,0,0.7
little,0.0302,0.17,0.9735,0,0,0.7
live,0.0456,0.8947,0.9514,0,0,0.7
lives,0.0378,0.5006,0.8634,0,0,0.7
load,0.0964,0.7755,0.9393,0,0,0.7
loaded,0.0555,0.6669,0.8445,0,0,0.7
Loading,0.1859,0.6182,0.6484,0,0,0.7
loads,0.0775,0.8383,0.7315,0,0,0.7
local,0.1125,0.6636,0.9547,0,0,0.7
locally,0.0326,0.8994,0.8693,0,0,0.7
Lock,0.1706,0.8362,0.9697,0,0,0.7
LOG,0.2926,0.5409,0.8406,0,0,0.7
logging,0.195,0.9335,0.8446,0,0,0.7
logic,0.0522,0.8745,0.8425,0,0,0.7
Logistics,0.109,0.8657,0.8097,0,0,0.7
logs,0.643,0.8865,0.9052,0,0,0.7
long,0.0543,0.1899,0.8609,0,0,0.7
longer,0.0617,0.5858,0.9755,0,0,0.7
look,0.0214,0.7505,0.9899,0,0,0.7
looks,0.0116,0.1337,0.9887,0,0,0.7
Loop,0.4375,0.8803,0.8124,0,0,0.7
Loop24,,,,0,0,0.7
loops,0.0839,0.8712,0.579,0,0,0.7
Loose,0.0718,0.455,0.9572,0,0,0.7
Loosely,0.0596,0.7719,0.806,0,0,0.7
loosen,0.0209,0.7148,0.9496,0,0,0.7
LOS,0.6258,0.39,0.1999,0,0,0.7
lose,0.0119,0.8027,0.989,0,0,0.7
loses,0.2854,0.6253,0.5933,0,0,0.7
Losing,0.0328,0.5969,0.904,0,0,0.7
Loss,0.1353,0.5458,0.8933,0,0,0.7
lost,0.0293,0.2145,0.9138,0,0,0.7
low,0.1271,0.6859,0.8919,0,0,0.7
lower,0.0432,0.7135,0.9468,0,0,0.7
lowered,0.0311,0.4135,0.9398,0,0,0.7
Lowest,0.0634,0.518,0.9626,0,0,0.7
LOWLEVERAGE,0.132,0.3279,0.0335,0,0,0.7
LTC,0.6508,0.3962,0.1576,0.8,0.8,0.1
M,0.298,0.2511,0.4518,0,0,0.7
M1,0.6979,0.787,0.056,0,0,0.7
M3,0.5794,0.7004,0.0467,0,0,0.7
M365,0.9421,0.7626,0.0564,0,0,0.7
Mac,0.764,0.7168,0.7265,0,0,0.7
machine,0.0747,0.7275,0.9416,0,0,0.7
macOS,0.8992,0.5208,0.1832,0,0,0.7
made,0.0368,0.6682,0.9456,0,0,0.7
main,0.1369,0.4045,0.8446,0,0,0.7
Maintain,0.0379,0.9557,0.9595,0,0,0.7
maintained,0.0205,0.6635,0.9054,0,0,0.7
maintaining,0.015,0.8953,0.9402,0,0,0.7
maintains,0.0205,0.7952,0.8968,0,0,0.7
Maintenance,0.0374,0.8618,0.9643,0,0,0.7
Major,0.0854,0.8135,0.9185,0.8,0.8,0.1
Make,0.0268,0.7464,0.9688,0,0,0.7
Makes,0.0255,0.5437,0.9517,0,0,0.7
making,0.0453,0.4968,0.8712,0,0,0.7
manageable,0.0122,0.7864,0.9077,0,0,0.7
managed,0.0625,0.9118,0.9223,0,0,0.7
Management,0.0949,0.8612,0.79,0,0,0.7
Management28,,,,0,0,0.7
Manager,0.4618,0.7013,0.8719,0,0,0.7
managing,0.03,0.9422,0.9416,0,0,0.7
Mandate,0.0288,0.1125,0.6802,0,0,0.7
Mandate56,,,,0,0,0.7
mandating,0.0142,0.7424,0.7519,0,0,0.7
mandatory,0.0218,0.8786,0.9029,0,0,0.7
manner,0.0669,0.8154,0.9296,0,0,0.7
manual,0.626,0.9416,0.8777,0,0,0.7
many,0.0154,0.1128,0.9895,0,0,0.7
mapped,0.3159,0.8179,0.2166,0,0,0.7
mapping,0.2207,0.7448,0.4348,0,0,0.7
maps,0.2687,0.5961,0.8422,0,0,0.7
Mark,0.1779,0.464,0.7906,0,0,0.7
marker,0.0639,0.5779,0.4898,0,0,0.7
Markers,0.1342,0.6641,0.438,0,0,0.7
massive,0.0288,0.3716,0.894,0,0,0.7
match,0.1393,0.1936,0.8698,0,0,0.7
matches,0.1278,0.727,0.7926,0,0,0.7
materially,0.0167,0.5288,0.788,0,0,0.7
Matrix,0.7184,0.8666,0.778,0,0,0.7
Matter,0.0796,0.4485,0.7522,0,0,0.7
Matters,0.0332,0.5568,0.648,0,0,0.7
Matters25,,,,0,0,0.7
Maturity,0.0711,0.6611,0.7998,0,0,0.7
maximise,0.0389,0.8449,0.8003,0,0,0.7
Maximize,0.0299,0.7906,0.9606,0,0,0.7
Maximum,0.0653,0.623,0.9039,0,0,0.7
may,0.0231,0.3407,0.9082,0,0,0.7
MCC,0.7999,0.7809,0.0366,0.1,0.8,0.1
McChrystal,0.9481,0.8301,0.055,0,0,0.7
MCN,0.9017,0.7544,0.0514,0.1,0.8,0.1
md,0.2244,0.6076,0.2606,0,0,0.7
Me,,,,0,0,0.7
Mean,0.1158,0.2184,0.875,0,0,0.7
meaning,0.0146,0.1813,0.9855,0,0,0.7
meaningful,0.0155,0.6166,0.7798,0,0,0.7
meanings,0.055,0.7671,0.7441,0,0,0.7
means,0.034,0.2846,0.9055,0,0,0.7
measurably,0.0134,0.8257,0.7005,0,0,0.7
Measure,0.0718,0.9167,0.9346,0,0,0.7
measures,0.0637,0.8193,0.8503,0,0,0.7
mechanism,0.0983,0.7587,0.8601,0,0,0.7
mechanisms,0.0647,0.8252,0.64,0,0,0.7
medium,0.098,0.6073,0.9476,0,0,0.7
meeting,0.1953,0.9152,0.9592,0,0,0.7
meetings,0.024,0.9045,0.9059,0,0,0.7
meets,0.0304,0.6845,0.8836,0,0,0.7
MEL,0.6698,0.722,0.2699,0,0,0.7
Member,0.5293,0.5802,0.8532,0,0,0.7
Members,0.2216,0.6318,0.8678,0,0,0.7
memory,0.3206,0.7454,0.9085,0,0,0.7
men,0.6223,0.6772,0.9128,0,0,0.7
Mental,0.054,0.7767,0.9231,0,0,0.7
mentally,0.0251,0.6998,0.8084,0,0,0.7
merely,0.011,0.2198,0.9278,0,0,0.7
merge,0.2936,0.9054,0.8548,0,0,0.7
message,0.1537,0.6215,0.9007,0,0,0.7
met,0.1315,0.3044,0.5104,0,0,0.7
metabolize,0.0219,0.9043,0.9133,0,0,0.7
method,0.3027,0.9025,0.8931,0,0,0.7
methodology,0.0473,0.7478,0.7242,0,0,0.7
Microsoft,0.9751,0.7029,0.1992,0,0,0.7
mid,0.0437,0.8731,0.9349,0,0,0.7
middle,0.195,0.7408,0.8739,0,0,0.7
might,0.0108,0.2729,0.9574,0,0,0.7
milestone,0.0839,0.7893,0.7779,0,0,0.7
military,0.197,0.8792,0.8433,0,0,0.7
min,0.356,0.3721,0.8233,0,0,0.7
Mind,0.1336,0.7558,0.9708,0,0,0.7
MINDEF,0.9477,0.6569,0.0536,0,0.8,0.1
minds,0.0421,0.6774,0.6105,0,0,0.7
Mindset,0.5766,0.7719,0.6622,0,0,0.7
Mindset36,,,,0,0,0.7
minimal,0.0207,0.4913,0.9219,0,0,0.7
minimisation,0.1224,0.9031,0.5771,0,0,0.7
minimise,0.034,0.8765,0.922,0,0,0.7
Minimize,0.0297,0.9106,0.9652,0,0,0.7
minimizing,0.0349,0.908,0.8773,0,0,0.7
Minimum,0.3313,0.659,0.9603,0,0,0.7
Minute,0.0642,0.6029,0.8837,0,0,0.7
minutes,0.0271,0.5729,0.8758,0,0,0.7
Misalignment,0.1272,0.8027,0.415,0,0,0.7
Misalignment67,,,,0,0,0.7
Misjudge,0.0372,0.6979,0.5633,0,0,0.7
misleading,0.0865,0.4575,0.8589,0,0,0.7
miss,0.0278,0.1695,0.8629,0,0,0.7
missed,0.0205,0.5139,0.8877,0,0,0.7
missing,0.0437,0.6346,0.2172,0,0,0.7
Mission,0.2109,0.7585,0.9313,0,0,0.7
Mistake,0.0298,0.4314,0.9758,0,0,0.7
Mistake65,,,,0,0,0.7
mistakes,0.0419,0.4856,0.9728,0,0,0.7
misunderstand,0.026,0.5611,0.7239,0,0,0.7
misunderstandings,0.0105,0.7384,0.9048,0,0,0.7
mitigate,0.0435,0.9438,0.8756,0,0,0.7
Mitigation,0.0952,0.6214,0.8719,0,0,0.7
mitigations,0.1147,0.8993,0.5781,0,0,0.7
Mix,0.3388,0.7591,0.9523,0,0,0.7
Mixed,0.1066,0.8758,0.6373,0,0,0.7
mobilisation,0.419,0.9486,0.4096,0,0.8,0.1
mobilised,0.1925,0.9056,0.8637,0,0.8,0.1
mobilization,0.2978,0.9351,0.4643,0,0.8,0.1
Mode,0.3686,0.884,0.8369,0,0,0.7
Model,0.336,0.7384,0.7976,0,0,0.7
Model54,,,,0,0,0.7
models,0.0736,0.3319,0.593,0,0,0.7
modes,0.1803,0.9054,0.7375,0,0,0.7
modified,0.0651,0.6781,0.8583,0,0,0.7
modularity,0.1208,0.7697,0.3585,0,0,0.7
modules,0.1369,0.5936,0.4135,0,0,0.7
moment,0.0091,0.2247,0.9669,0,0,0.7
moments,0.0485,0.74,0.6878,0,0,0.7
Momentum,0.0317,0.8215,0.8411,0,0,0.7
monitoring,0.1084,0.9592,0.774,0,0,0.7
monocultures,0.0361,0.8336,0.2788,0,0,0.7
Monolithic,0.3957,0.6778,0.3483,0,0,0.7
months,0.0698,0.7729,0.9257,0,0,0.7
more,0.0226,0.4453,0.9594,0,0,0.7
most,0.0694,0.4125,0.9615,0,0,0.7
Motivation,0.2175,0.9168,0.933,0,0,0.7
move,0.0253,0.8572,0.9513,0,0,0.7
moves,0.0158,0.6756,0.9378,0,0,0.7
MR,0.5308,0.9236,0.1922,0,0,0.7
much,0.04,0.1647,0.96,0,0,0.7
multi,0.0993,0.7755,0.8164,0,0,0.7
Multiple,0.0353,0.7483,0.9486,0,0,0.7
multiply,0.0287,0.6836,0.8964,0,0,0.7
Must,0.0417,0.531,0.9614,0,0,0.7
mutated,0.0611,0.664,0.1899,0,0,0.7
Mutation,0.5391,0.8752,0.4838,0,0,0.7
MVP,0.8092,0.8309,0.3787,0,0,0.7
My,,,,0,0,0.7
N,0.1051,0.436,0.2476,0,0,0.7
Name,0.2993,0.4404,0.9164,0,0,0.7
Names,0.3283,0.4743,0.8508,0,0,0.7
Naming,0.2548,0.8497,0.5206,0,0,0.7
Naming39,,,,0,0,0.7
narrow,0.0156,0.4806,0.8627,0,0,0.7
Narrowing,0.0227,0.8067,0.7898,0,0,0.7
narrows,0.0193,0.7084,0.7416,0,0,0.7
National,0.3694,0.6997,0.884,0,0,0.7
Native,0.4051,0.4946,0.9469,0,0,0.7
natural,0.0172,0.6832,0.9469,0,0,0.7
naturally,0.0098,0.4147,0.9503,0,0,0.7
navigable,0.0199,0.8383,0.5588,0,0,0.7
navigation,0.0342,0.8113,0.9355,0,0,0.7
necessary,0.0144,0.6405,0.9573,0,0,0.7
need,0.0142,0.5954,0.9613,0,0,0.7
Needed,0.0187,0.662,0.8647,0,0,0.7
Needed11,,,,0,0,0.7
needing,0.0531,0.6204,0.568,0,0,0.7
needs,0.0572,0.5897,0.7769,0,0,0.7
negative,0.0183,0.5641,0.952,0,0,0.7
negotiable,0.0347,0.6594,0.6646,0,0,0.7
negotiables,0.0375,0.6678,0.7012,0,0,0.7
Neither,0.0183,0.2611,0.9625,0,0,0.7
Network,0.2026,0.9217,0.8614,0,0,0.7
Network42,,,,0,0,0.7
networks,0.2023,0.7737,0.7899,0,0,0.7
neutral,0.028,0.1611,0.9532,0,0,0.7
never,0.0348,0.475,0.8741,0,0,0.7
new,0.0848,0.615,0.9374,0,0,0.7
Newcomer,0.1079,0.4063,0.6178,0,0,0.7
newcomers,0.1193,0.7201,0.5533,0,0,0.7
next,0.1026,0.486,0.9009,0,0,0.7
No,0.1611,0.2303,0.7717,0,0,0.7
Nobody,0.044,0.1604,0.9328,0,0,0.7
Node,0.6185,0.4425,0.8158,0,0,0.7
noise,0.018,0.3351,0.9034,0,0,0.7
Non,0.2146,0.6602,0.7658,0,0,0.7
normal,0.1865,0.6725,0.9682,0,0,0.7
normally,0.0212,0.496,0.9643,0,0,0.7
norming,0.0396,0.9045,0.7439,0,0,0.7
norms,0.04,0.7846,0.7713,0,0,0.7
Not,0.0777,0.3263,0.9531,0,0,0.7
NOTAMs,0.4406,0.8191,0.173,0,0,0.7
Note,0.0648,0.2187,0.9269,0,0,0.7
Notes,0.1531,0.3267,0.9014,0,0,0.7
nothing,0.0131,0.2646,0.9061,0,0,0.7
notice,0.0369,0.6942,0.8066,0,0,0.7
notifying,0.0095,0.8443,0.8098,0,0,0.7
novices,0.0364,0.4306,0.7027,0,0,0.7
now,0.0502,0.3338,0.884,0,0,0.7
NS,0.6423,0.6326,0.1445,0,0.8,0.1
NSF,0.5962,0.7045,0.0808,0,0.8,0.1
NSmen,0.8321,0.8774,0.0511,0,0.8,0.1
number,0.0625,0.6064,0.8828,0,0,0.7
numbered,0.0758,0.5821,0.6855,0,0,0.7
Numbers,0.0884,0.2862,0.8956,0,0,0.7
N²,0.0868,0.1654,0.036,0,0,0.7
objective,0.1289,0.8319,0.9085,0,0,0.7
obligations,0.1337,0.5905,0.734,0,0,0.7
observability,0.0889,0.9735,0.1632,0,0,0.7
Observable,0.3565,0.8473,0.6556,0,0,0.7
observation,0.034,0.2391,0.8558,0,0,0.7
Observe,0.2017,0.8075,0.9127,0,0,0.7
observed,0.0266,0.7713,0.9213,0,0,0.7
obsolete,0.019,0.448,0.7354,0,0,0.7
obstruct,0.0265,0.6722,0.7054,0,0,0.7
obstructs,0.0256,0.6119,0.5934,0,0,0.7
obtained,0.0266,0.813,0.9114,0,0,0.7
occur,0.018,0.8477,0.9054,0,0,0.7
Odd,0.0595,0.6752,0.7896,0,0,0.7
OF,,,,0,0,0.7
off,0.0876,0.1754,0.638,0,0,0.7
Office,0.6789,0.8468,0.9256,0,0,0.7
Officer,0.7377,0.6128,0.7487,0,0,0.7
OFFICIAL,0.4903,0.7234,0.5332,0,0,0.7
Offs,0.1178,0.1546,0.2218,0,0,0.7
often,0.0426,0.5354,0.9843,0,0,0.7
OGP,0.5561,0.355,0.0537,0.8,0.8,0.1
old,0.0141,0.1901,0.9896,0,0,0.7
on,,,,0,0,0.7
Onboarding,0.2668,0.9349,0.775,0,0,0.7
Once,0.0194,0.4257,0.9703,0,0,0.7
One,0.085,0.3756,0.9365,0,0,0.7
onerous,0.0124,0.8161,0.5489,0,0,0.7
ones,0.1087,0.1891,0.4259,0,0,0.7
ongoing,0.0781,0.5731,0.9211,0,0,0.7
Only,0.029,0.3662,0.9224,0,0,0.7
onto,0.0375,0.7951,0.6619,0,0,0.7
OODA,0.7523,0.9536,0.062,0,0,0.7
op,0.233,0.8972,0.4468,0,0,0.7
open,0.37,0.6477,0.9789,0,0,0.7
OpenAI,0.9111,0.7753,0.1217,0,0,0.7
Operate,0.0503,0.8713,0.9402,0,0,0.7
operates,0.1138,0.8397,0.9699,0,0,0.7
Operating,0.3238,0.7616,0.883,0,0,0.7
operation,0.403,0.6855,0.8271,0,0,0.7
Operational,0.1966,0.8543,0.7119,0,0,0.7
operationalized,0.2554,0.8167,0.4445,0,0,0.7
operationally,0.0688,0.9273,0.6644,0,0,0.7
OPERATIONS,0.337,0.8903,0.5486,0,0,0.7
Operations46,,,,0,0,0.7
operator,0.1481,0.8964,0.7901,0,0,0.7
operators,0.1754,0.8262,0.7209,0,0,0.7
opinion,0.0206,0.1828,0.9581,0,0,0.7
opportunity,0.0187,0.5671,0.8801,0,0,0.7
opposed,0.1393,0.3952,0.9237,0,0,0.7
opposite,0.0348,0.3182,0.9665,0,0,0.7
Ops,0.3333,0.6209,0.6269,0,0,0.7
Ops36,,,,0,0,0.7
optimal,0.0149,0.7663,0.8946,0,0,0.7
optimization,0.0202,0.6375,0.6971,0,0,0.7
optimize,0.0478,0.6825,0.9666,0,0,0.7
optimized,0.028,0.7441,0.8234,0,0,0.7
option,0.1086,0.8139,0.7702,0,0,0.7
optional,0.0538,0.6452,0.8749,0,0,0.7
Optionality,0.073,0.7892,0.2054,0,0,0.7
optionally,0.0167,0.3263,0.6839,0,0,0.7
options,0.1361,0.8395,0.7956,0,0,0.7
OQ,0.8648,0.9024,0.048,0,0,0.7
or,,,,0,0,0.7
order,0.045,0.6501,0.9441,0,0,0.7
organic,0.0324,0.2161,0.9003,0,0,0.7
organically,0.0156,0.547,0.7591,0,0,0.7
organisational,0.0762,0.8742,0.6458,0,0,0.7
Orient,0.1849,0.8062,0.7148,0,0,0.7
orientation,0.0302,0.7399,0.8371,0,0,0.7
original,0.093,0.1907,0.7907,0,0,0.7
ORNS,0.7566,0.2048,0.0374,0,0.8,0.1
oscillate,0.0195,0.8958,0.8753,0,0,0.7
oscillating,0.0222,0.7587,0.507,0,0,0.7
OSN,0.7733,0.6602,0.0382,0,0.8,0.1
other,0.0982,0.3046,0.544,0,0,0.7
others,0.0373,0.2602,0.7463,0,0,0.7
otherwise,0.0193,0.2876,0.9383,0,0,0.7
our,,,,0,0,0.7
out,0.1102,0.3737,0.6732,0,0,0.7
outage,0.2181,0.8671,0.6801,0,0,0.7
outcome,0.1663,0.7848,0.7946,0,0,0.7
outcomes,0.1024,0.6706,0.756,0,0,0.7
outfit,0.766,0.5504,0.77,0,0,0.7
outperform,0.0286,0.8111,0.5335,0,0,0.7
output,0.0718,0.3676,0.8108,0,0,0.7
Outputs,0.1162,0.6424,0.653,0,0,0.7
outranks,0.0425,0.785,0.2929,0,0,0.7
outset,0.0276,0.7554,0.5099,0,0,0.7
Outside,0.1082,0.3399,0.6014,0,0,0.7
outsiders,0.02,0.2203,0.7187,0,0,0.7
Outsourced,0.0532,0.7951,0.7504,0,0,0.7
Outsourced31,,,,0,0,0.7
Over,0.0697,0.6504,0.9172,0,0,0.7
overdo,0.0927,0.1517,0.8223,0,0,0.7
overestimate,0.0149,0.7096,0.7886,0,0,0.7
overestimating,0.0535,0.4694,0.739,0,0,0.7
overhead,0.03,0.7665,0.7301,0,0,0.7
Overlap,0.1422,0.8357,0.5762,0,0,0.7
Overload,0.0985,0.6691,0.7886,0,0,0.7
override,0.0166,0.8235,0.8828,0,0,0.7
oversight,0.0508,0.934,0.7969,0,0,0.7
overwrite,0.0108,0.7827,0.8644,0,0,0.7
owls,0.0191,0.1531,0.9754,0,0,0.7
Own,0.2316,0.611,0.763,0,0,0.7
Owner,0.7523,0.7587,0.8342,0,0,0.7
Owners,0.6204,0.7421,0.7023,0,0,0.7
ownership,0.0382,0.7545,0.8286,0,0,0.7
owns,0.0901,0.4595,0.9721,0,0,0.7
Paced,0.0749,0.6137,0.4738,0,0,0.7
Page,0.0278,0.161,0.9818,0,0,0.7
Pain,0.077,0.4593,0.9811,0,0,0.7
Pair,0.7566,0.7682,0.8937,0,0,0.7
pairs,0.1496,0.8104,0.7119,0,0,0.7
pairwise,0.0213,0.8315,0.4194,0,0,0.7
paper,0.0712,0.3936,0.8984,0,0,0.7
paperwork,0.0339,0.4634,0.825,0,0,0.7
para,0.5704,0.8221,0.6738,0,0,0.7
Paradigm,0.1341,0.8536,0.7725,0,0,0.7
Parallel,0.1861,0.9317,0.7936,0,0,0.7
Paralysis,0.1118,0.6715,0.6968,0,0,0.7
Paralysis54,,,,0,0,0.7
paralyzing,0.02,0.6577,0.6051,0,0,0.7
parameter,0.1126,0.8628,0.8449,0,0,0.7
Part,0.0996,0.5568,0.9058,0,0,0.7
Partial,0.127,0.7088,0.4627,0,0,0.7
participates,0.03,0.9368,0.9475,0,0,0.7
participation,0.0562,0.8847,0.9127,0,0,0.7
parties,0.0721,0.6079,0.8006,0,0,0.7
partner,0.1111,0.8589,0.9186,0,0,0.7
partners,0.0991,0.8188,0.9104,0,0,0.7
parts,0.1005,0.7309,0.6286,0,0,0.7
pass,0.148,0.9145,0.9023,0,0,0.7
passes,0.0622,0.5601,0.8853,0,0,0.7
Passing,0.0196,0.4583,0.9193,0,0,0.7
passive,0.0469,0.7098,0.97,0,0,0.7
passively,0.0134,0.5357,0.7337,0,0,0.7
past,0.0308,0.6262,0.9652,0,0,0.7
path,0.5174,0.7712,0.9004,0,0,0.7
paths,0.1696,0.9252,0.6422,0,0,0.7
Patience,0.0843,0.5137,0.9768,0,0,0.7
Pattern,0.2546,0.7872,0.8226,0,0,0.7
Patterns,0.1895,0.6642,0.8171,0,0,0.7
Patterns63,,,,0,0,0.7
pause,0.0175,0.8803,0.9464,0,0,0.7
Pauses,0.1386,0.7003,0.8669,0,0,0.7
pay,0.0301,0.8849,0.9726,0,0,0.7
payoff,0.0247,0.3178,0.8356,0,0,0.7
PC,0.5597,0.6599,0.282,0,0,0.7
peace,0.0703,0.5704,0.9686,0,0,0.7
Peacetime,0.1565,0.8809,0.7265,0,0,0.7
peactime,0.1796,0.2498,0.0157,0,0,0.7
peak,0.0354,0.6328,0.8787,0,0,0.7
peaks,0.0258,0.7723,0.6606,0,0,0.7
peer,0.0518,0.795,0.9553,0,0,0.7
Pending,0.3062,0.6888,0.6838,0,0,0.7
people,0.0391,0.5146,0.9717,0,0,0.7
per,0.083,0.7495,0.593,0,0,0.7
perceived,0.0118,0.2494,0.9358,0,0,0.7
perfect,0.0324,0.2778,0.8906,0,0,0.7
perfected,0.0172,0.7104,0.6545,0,0,0.7
perfection,0.0272,0.4996,0.638,0,0,0.7
Performance,0.0526,0.7812,0.9403,0,0,0.7
period,0.1335,0.7684,0.9231,0,0,0.7
periods,0.0961,0.5761,0.6722,0,0,0.7
permanent,0.0255,0.4868,0.8631,0,0,0.7
persistence,0.0179,0.7636,0.8309,0,0,0.7
persistent,0.039,0.9422,0.796,0,0,0.7
person,0.0295,0.3448,0.8922,0,0,0.7
personal,0.0222,0.8984,0.9743,0,0,0.7
personnel,0.547,0.7984,0.8104,0,0,0.7
perspective,0.0179,0.8768,0.9222,0,0,0.7
Phase,0.2174,0.8302,0.8051,0,0,0.7
Phase24,,,,0,0,0.7
Phases,0.6289,0.8754,0.5263,0,0,0.7
picture,0.0177,0.1641,0.9652,0,0,0.7
Pink,0.4995,0.1525,0.8173,0,0,0.7
Pipeline,0.6945,0.9485,0.4488,0,0,0.7
pipelines,0.2138,0.9285,0.4449,0,0,0.7
PITFALLS,0.0801,0.3361,0.9184,0,0,0.7
pixel,0.0263,0.3314,0.3083,0,0,0.7
place,0.0152,0.5469,0.96,0,0,0.7
PLACEHOLDER,0.0604,0.0379,0.1213,0,0,0.7
plan,0.208,0.9552,0.9171,0,0,0.7
planned,0.1104,0.7965,0.8267,0,0,0.7
Planning,0.0988,0.9014,0.8253,0,0,0.7
Planning49,,,,0,0,0.7
plans,0.0475,0.9489,0.9202,0,0,0.7
Platform,0.8698,0.8436,0.4655,0,0,0.7
plausible,0.0076,0.2156,0.9137,0,0,0.7
plus,0.125,0.3723,0.8153,0,0,0.7
PM,0.554,0.865,0.4261,0,0,0.7
PM52,0.8031,0.4886,0.0445,0,0,0.7
PMs,0.5367,0.6905,0.2197,0,0,0.7
PO,0.6532,0.7535,0.2451,0,0,0.7
PoCs,0.381,0.6104,0.1273,0,0,0.7
point,0.1109,0.6757,0.9126,0,0,0.7
Points,0.6503,0.8376,0.6249,0,0,0.7
Points43,,,,0,0,0.7
policies,0.2101,0.8902,0.6861,0,0,0.7
policy,0.5452,0.9279,0.6371,0,0,0.7
polish,0.1803,0.4261,0.4408,0,0,0.7
polished,0.0145,0.7486,0.8755,0,0,0.7
polishing,0.0186,0.7208,0.7594,0,0,0.7
pool,0.2416,0.7328,0.7994,0,0,0.7
possible,0.0375,0.5731,0.7707,0,0,0.7
Post,0.2381,0.8711,0.9184,0,0,0.7
PostMVP,0.3956,0.4257,0.0325,0,0,0.7
Postops,0.2506,0.6836,0.0541,0,0,0.7
posture,0.2348,0.7202,0.592,0,0,0.7
Potential,0.6883,0.8965,0.7575,0,0,0.7
Power,0.188,0.5868,0.943,0,0,0.7
PPCoE,0.9001,0.7879,0.0277,0.8,0.8,0.1
PR,0.3859,0.8847,0.3888,0,0,0.7
Practical,0.0418,0.7101,0.9708,0,0,0.7
practice,0.0404,0.8922,0.9569,0,0,0.7
practiced,0.0128,0.9397,0.9268,0,0,0.7
practices,0.1871,0.8065,0.8707,0,0,0.7
PRD,0.9333,0.7759,0.0736,0,0,0.7
Pre,0.1138,0.8137,0.9079,0,0,0.7
precede,0.0203,0.4899,0.8553,0,0,0.7
precisely,0.0173,0.5957,0.8707,0,0,0.7
preconceptions,0.0243,0.2501,0.5936,0,0,0.7
precondition,0.2014,0.6233,0.7258,0,0,0.7
predict,0.0365,0.3391,0.8355,0,0,0.7
predictable,0.0177,0.5501,0.9464,0,0,0.7
preference,0.0389,0.6406,0.9042,0,0,0.7
preferences,0.038,0.6207,0.8726,0,0,0.7
Preferred,0.3714,0.6751,0.8939,0,0,0.7
prem,0.3189,0.9179,0.4722,0,0,0.7
premature,0.0112,0.5042,0.9387,0,0,0.7
premise,0.2515,0.7727,0.7228,0,0,0.7
Premortem,0.6413,0.9724,0.2437,0,0,0.7
premortems,0.4243,0.9656,0.2471,0,0,0.7
PreOps,0.5113,0.9196,0.1278,0,0,0.7
Prep,0.1802,0.8217,0.7481,0,0,0.7
preparation,0.1065,0.9137,0.8729,0,0,0.7
PREPARATION15,0.2911,0.5938,0.0622,0,0,0.7
Prepare,0.0334,0.83,0.9795,0,0,0.7
prerequisite,0.0725,0.7507,0.6625,0,0,0.7
prescriptions,0.0436,0.3431,0.6012,0,0,0.7
present,0.0284,0.261,0.6907,0,0,0.7
Preserve,0.1027,0.8232,0.9091,0,0,0.7
Preserving,0.0241,0.7555,0.8558,0,0,0.7
Pressure,0.0399,0.7507,0.949,0,0,0.7
pretend,0.0075,0.5552,0.9694,0,0,0.7
prevent,0.0308,0.7741,0.9427,0,0,0.7
preventing,0.0182,0.8487,0.8651,0,0,0.7
prevents,0.017,0.6924,0.9718,0,0,0.7
previous,0.0582,0.4901,0.8858,0,0,0.7
previously,0.0175,0.2344,0.9385,0,0,0.7
Priciple,0.0756,0.5176,0.1069,0,0,0.7
Primary,0.1223,0.7021,0.893,0,0,0.7
Primed,0.7463,0.7504,0.3033,0,0,0.7
Principle,0.1212,0.5702,0.8683,0,0,0.7
Principle25,,,,0,0,0.7
Principle61,,,,0,0,0.7
Principle68,,,,0,0,0.7
Principles,0.3258,0.6872,0.73,0,0,0.7
Principles39,,,,0,0,0.7
Principles41,,,,0,0,0.7
Principles55,,,,0,0,0.7
Principles57,,,,0,0,0.7
prior,0.0302,0.6882,0.8867,0,0,0.7
priorities,0.1185,0.8762,0.8695,0,0,0.7
prioritization,0.3536,0.9474,0.5956,0,0,0.7
Prioritize,0.0271,0.9597,0.9085,0,0,0.7
priority,0.06,0.8601,0.9513,0,0,0.7
privilege,0.2982,0.9137,0.5832,0,0,0.7
Probabilistic,0.051,0.6848,0.2687,0,0,0.7
probable,0.0423,0.6962,0.8006,0,0,0.7
Problem,0.1611,0.5824,0.9285,0,0,0.7
Problem64,,,,0,0,0.7
problems,0.0602,0.8983,0.937,0,0,0.7
PROCEDURE,0.4054,0.741,0.614,0,0,0.7
Procedure63,,,,0,0,0.7
procedures,0.2179,0.8873,0.7085,0,0,0.7
proceed,0.0184,0.8819,0.9538,0,0,0.7
proceeding,0.0129,0.8867,0.758,0,0,0.7
process,0.2583,0.859,0.9662,0,0,0.7
processes,0.0793,0.9403,0.8943,0,0,0.7
Processing,0.2688,0.8748,0.7263,0,0,0.7
Processing37,,,,0,0,0.7
produce,0.0411,0.677,0.8929,0,0,0.7
produces,0.0241,0.8323,0.963,0,0,0.7
producing,0.0187,0.8355,0.9421,0,0,0.7
Product,0.431,0.7587,0.8444,0,0,0.7
production,0.1587,0.8947,0.8495,0,0,0.7
products,0.6262,0.6917,0.8777,0,0,0.7
professionally,0.0112,0.5913,0.852,0,0,0.7
programmer,0.0807,0.294,0.7357,0,0,0.7
progress,0.0275,0.8625,0.9237,0,0,0.7
progressive,0.0734,0.7554,0.7082,0,0,0.7
progressively,0.0182,0.7631,0.7624,0,0,0.7
project,0.2463,0.7863,0.9006,0,0,0.7
projects,0.5926,0.5081,0.5649,0,0,0.7
promises,0.0287,0.6753,0.9444,0,0,0.7
prompt,0.313,0.6841,0.7929,0,0,0.7
Prompts,0.2322,0.8038,0.6852,0,0,0.7
Prompts29,,,,0,0,0.7
proofing,0.0835,0.9126,0.1558,0,0,0.7
Propagate,0.0507,0.7821,0.7222,0,0,0.7
Propagation,0.2294,0.922,0.5316,0,0,0.7
Property,0.207,0.8262,0.8675,0,0,0.7
Proportion,0.0293,0.5354,0.7973,0,0,0.7
propose,0.0173,0.8816,0.9257,0,0,0.7
proposing,0.0208,0.9618,0.7703,0,0,0.7
prose,0.0483,0.4233,0.8383,0,0,0.7
Protect,0.0146,0.8208,0.9878,0,0,0.7
Prototype,0.6335,0.7556,0.4875,0,0,0.7
Prototypes,0.064,0.919,0.6108,0,0,0.7
Prototyping,0.389,0.8991,0.409,0,0,0.7
Prototyping61,,,,0,0,0.7
Prove,0.0259,0.6902,0.7864,0,0,0.7
proven,0.0802,0.784,0.8759,0,0,0.7
provide,0.0293,0.8188,0.9536,0,0,0.7
provided,0.3348,0.3751,0.6042,0,0,0.7
providers,0.088,0.8001,0.4774,0,0,0.7
provides,0.0676,0.3571,0.9384,0,0,0.7
provision,0.1058,0.8793,0.8056,0,0,0.7
provisioned,0.168,0.8312,0.4598,0,0,0.7
provisioning,0.1767,0.9776,0.2459,0,0,0.7
provokes,0.0097,0.8213,0.8633,0,0,0.7
Proximal,0.028,0.6194,0.7179,0,0,0.7
proximity,0.0391,0.7167,0.8881,0,0,0.7
PRs,0.1366,0.8214,0.2748,0,0,0.7
Psychological,0.0358,0.8095,0.5914,0,0,0.7
Psychology,0.4284,0.2693,0.5949,0,0,0.7
Psychology56,,,,0,0,0.7
pull,0.3509,0.872,0.8282,0,0,0.7
pulling,0.0545,0.8939,0.9031,0,0,0.7
punish,0.0124,0.8119,0.9805,0,0,0.7
pure,0.228,0.8805,0.5676,0,0,0.7
purely,0.0214,0.197,0.6369,0,0,0.7
Purpose,0.1586,0.703,0.8544,0,0,0.7
Purpose44,,,,0,0,0.7
Purpose48,,,,0,0,0.7
push,0.2598,0.9374,0.8727,0,0,0.7
Putting,0.0216,0.7635,0.9163,0,0,0.7
Q1,0.3122,0.473,0.1664,0,0,0.7
Q2,0.2013,0.4647,0.1998,0,0,0.7
Q3,0.3111,0.5845,0.1277,0,0,0.7
Q4,0.2381,0.4111,0.1699,0,0,0.7
Q5,0.2171,0.7605,0.1357,0,0,0.7
Q6,0.2107,0.7922,0.1992,0,0,0.7
Quadrant,0.0471,0.2967,0.7565,0,0,0.7
Quality,0.0662,0.7572,0.8998,0,0,0.7
Question,0.235,0.5484,0.9277,0,0,0.7
Questioned,0.0676,0.675,0.6626,0,0,0.7
questions,0.0606,0.7368,0.8067,0,0,0.7
queues,0.0574,0.4885,0.4997,0,0,0.7
Quick,0.2216,0.6896,0.9804,0,0,0.7
quickly,0.0073,0.8402,0.915,0,0,0.7
Quotient,0.5935,0.9436,0.6244,0,0,0.7
R,0.799,0.6367,0.7031,0,0,0.7
Raid,0.8604,0.7414,0.2307,0.8,0.8,0.1
RaidDocument,0.7949,0.2408,0.0696,0,0,0.7
Raiders,0.7031,0.8753,0.2063,0.1,0.8,0.1
Raise,0.1575,0.9074,0.8807,0,0,0.7
ramp,0.0903,0.9465,0.8195,0,0,0.7
ramps,0.115,0.7035,0.8159,0,0,0.7
rank,0.4178,0.3907,0.8902,0,0,0.7
ranked,0.1777,0.666,0.8429,0,0,0.7
RAP,0.8375,0.8566,0.2721,0,0,0.7
RAP37,0.7527,0.261,0.0263,0,0,0.7
RAP64,0.8528,0.5036,0.0335,0,0,0.7
Rapid,0.2422,0.9048,0.9022,0,0,0.7
rapidly,0.0388,0.7802,0.943,0,0,0.7
rapport,0.0266,0.6665,0.5839,0,0,0.7
Raptor,0.814,0.9236,0.1201,0,0,0.7
Raptors,0.6533,0.8509,0.078,0,0,0.7
Rather,0.0592,0.2226,0.8178,0,0,0.7
Rating,0.4813,0.8115,0.498,0,0,0.7
Rating52,,,,0,0,0.7
ratio,0.3655,0.5287,0.5406,0,0,0.7
rationale,0.0685,0.6375,0.5108,0,0,0.7
ratios,0.3541,0.4473,0.7919,0,0,0.7
re,0.0324,0.6149,0.7485,0,0,0.7
reach,0.0326,0.8222,0.9345,0,0,0.7
reachable,0.072,0.7559,0.8606,0,0,0.7
reached,0.0513,0.6592,0.8899,0,0,0.7
reaches,0.1498,0.7671,0.9533,0,0,0.7
React,0.7273,0.5772,0.0907,0,0,0.7
reactively,0.0121,0.4861,0.7838,0,0,0.7
read,0.0398,0.4432,0.9845,0,0,0.7
reader,0.0385,0.3888,0.9488,0,0,0.7
READINESS,0.1512,0.7533,0.5896,0,0,0.7
Readiness45,,,,0,0,0.7
Reading,0.0524,0.7737,0.9524,0,0,0.7
ready,0.4693,0.7654,0.9102,0,0,0.7
real,0.0213,0.4404,0.9774,0,0,0.7
realign,0.0435,0.965,0.7738,0,0,0.7
reality,0.019,0.7245,0.9265,0,0,0.7
Reason,0.0676,0.3316,0.964,0,0,0.7
reasonable,0.027,0.7222,0.959,0,0,0.7
reasoning,0.0891,0.921,0.7843,0,0,0.7
reassert,0.0128,0.4706,0.4964,0,0,0.7
reassignment,0.093,0.8996,0.2285,0,0,0.7
recall,0.1352,0.7098,0.6299,0,0,0.7
Recalling,0.0928,0.5175,0.549,0,0,0.7
Recalling55,,,,0,0,0.7
receipt,0.0358,0.695,0.9043,0,0,0.7
receive,0.0414,0.5389,0.8722,0,0,0.7
received,0.0516,0.6957,0.9686,0,0,0.7
Recognition,0.417,0.8799,0.649,0,0,0.7
recognize,0.0366,0.9075,0.9107,0,0,0.7
recognizing,0.0518,0.9357,0.571,0,0,0.7
recommend,0.0176,0.9273,0.9675,0,0,0.7
Recommendation,0.0335,0.8259,0.8399,0,0,0.7
recommendations,0.0498,0.5996,0.8598,0,0,0.7
recommended,0.3154,0.5847,0.8505,0,0,0.7
reconstruct,0.0314,0.9233,0.7541,0,0,0.7
Reconversion,0.2104,0.8754,0.2033,0,0,0.7
Reconversion51,,,,0,0,0.7
record,0.0203,0.8066,0.9309,0,0,0.7
recovered,0.0299,0.6611,0.8954,0,0,0.7
recovery,0.0446,0.8803,0.8697,0,0,0.7
recreates,0.127,0.8826,0.8169,0,0,0.7
Recruitment,0.0677,0.9193,0.6889,0,0,0.7
recurring,0.0333,0.8607,0.8826,0,0,0.7
Red,0.2031,0.7549,0.9806,0,0,0.7
REDACTED,0.3843,0.3848,0.0861,0,0,0.7
redesigning,0.036,0.7826,0.4629,0,0,0.7
redirected,0.0174,0.6725,0.4508,0,0,0.7
Reduce,0.0351,0.8522,0.9794,0,0,0.7
reduced,0.0846,0.8662,0.9517,0,0,0.7
Reduces,0.045,0.4942,0.8685,0,0,0.7
redundancy,0.0988,0.8225,0.7446,0,0,0.7
Refactor,0.0446,0.9322,0.8718,0,0,0.7
refactored,0.0429,0.6982,0.7913,0,0,0.7
Refactoring,0.1682,0.9462,0.7025,0,0,0.7
Refer,0.3603,0.4943,0.9047,0,0,0.7
Reference,0.3053,0.7036,0.9101,0,0,0.7
Reference61,,,,0,0,0.7
references,0.2001,0.5191,0.8648,0,0,0.7
refers,0.4541,0.7764,0.9267,0,0,0.7
refine,0.0297,0.9476,0.916,0,0,0.7
refinement,0.038,0.926,0.6526,0,0,0.7
refinements,0.074,0.8493,0.3014,0,0,0.7
refines,0.0148,0.81,0.8717,0,0,0.7
refining,0.0356,0.7904,0.7929,0,0,0.7
reflection,0.0153,0.9165,0.9297,0,0,0.7
REG,0.8402,0.8953,0.5227,0,0.8,0.1
regardless,0.0142,0.6601,0.9338,0,0,0.7
region,0.3417,0.8904,0.8905,0,0,0.7
Regular,0.6592,0.6714,0.9587,0,0.8,0.1
Regulars,0.7968,0.6769,0.396,0,0.8,0.1
rehearsed,0.0124,0.6607,0.8773,0,0,0.7
reinforce,0.0833,0.9449,0.7508,0,0,0.7
reinforced,0.2101,0.9128,0.8528,0,0,0.7
Reinforcement,0.2985,0.8945,0.7072,0,0,0.7
Reinforcement51,,,,0,0,0.7
Reinforcements,0.1702,0.8775,0.7189,0,0,0.7
related,0.0238,0.7616,0.9384,0,0,0.7
Relationship,0.256,0.7758,0.8071,0,0,0.7
Relationships,0.1756,0.7907,0.78,0,0,0.7
relative,0.0641,0.5165,0.9342,0,0,0.7
relatively,0.0138,0.2693,0.9687,0,0,0.7
relevant,0.1087,0.8113,0.7851,0,0,0.7
reliability,0.0789,0.9415,0.7804,0,0,0.7
Reliable,0.3869,0.4229,0.9465,0,0,0.7
reliably,0.0346,0.7133,0.8635,0,0,0.7
rely,0.0184,0.8166,0.9631,0,0,0.7
remain,0.0723,0.8809,0.9623,0,0,0.7
remains,0.0377,0.5923,0.9001,0,0,0.7
remember,0.0137,0.3309,0.9814,0,0,0.7
removed,0.0327,0.5212,0.7789,0,0,0.7
removes,0.0392,0.8908,0.9613,0,0,0.7
removing,0.0296,0.9453,0.9439,0,0,0.7
rename,0.1607,0.9107,0.8604,0,0,0.7
repeated,0.0223,0.8027,0.964,0,0,0.7
repeatedly,0.0418,0.7646,0.9268,0,0,0.7
Replace,0.047,0.5381,0.9461,0,0,0.7
replaces,0.0312,0.8569,0.9711,0,0,0.7
replicated,0.0629,0.4272,0.7744,0,0,0.7
repo,0.3199,0.6293,0.346,0,0,0.7
report,0.0118,0.6496,0.9752,0,0,0.7
reporting,0.0458,0.8239,0.8937,0,0,0.7
reports,0.2253,0.6216,0.9111,0,0,0.7
Repository,0.7546,0.791,0.4227,0,0,0.7
reproduces,0.052,0.8486,0.8794,0,0,0.7
request,0.169,0.7691,0.807,0,0,0.7
require,0.0436,0.8221,0.9194,0,0,0.7
required,0.0714,0.3667,0.8243,0,0,0.7
Requirement,0.2022,0.7583,0.7641,0,0,0.7
requirements,0.4486,0.87,0.8065,0,0,0.7
requires,0.0557,0.7353,0.8571,0,0,0.7
requiring,0.0339,0.4164,0.8202,0,0,0.7
research,0.0574,0.7314,0.8062,0,0,0.7
Reserve,0.6531,0.969,0.7699,0,0,0.7
Reserves,0.7084,0.9322,0.6099,0,0,0.7
reset,0.2564,0.8971,0.7461,0,0,0.7
resets,0.0252,0.267,0.6121,0,0,0.7
resilience,0.0517,0.8898,0.9134,0,0,0.7
resolution,0.0818,0.8166,0.8108,0,0,0.7
resolve,0.044,0.9106,0.9259,0,0,0.7
resolved,0.0538,0.8791,0.8896,0,0,0.7
resolves,0.0175,0.6264,0.9216,0,0,0.7
resort,0.085,0.5454,0.7905,0,0,0.7
resource,0.1292,0.9427,0.916,0,0,0.7
resources,0.197,0.9057,0.8081,0,0,0.7
respective,0.1014,0.5359,0.8469,0,0,0.7
respects,0.0167,0.6683,0.9511,0,0,0.7
respond,0.0236,0.7928,0.8616,0,0,0.7
responds,0.4557,0.6734,0.8482,0,0,0.7
response,0.127,0.816,0.7111,0,0,0.7
responses,0.1073,0.2228,0.5579,0,0,0.7
Responsibility,0.1581,0.6464,0.928,0,0,0.7
Responsibility66,,,,0,0,0.7
responsible,0.1944,0.7892,0.9374,0,0,0.7
responsive,0.094,0.8631,0.9514,0,0,0.7
rest,0.1195,0.3772,0.655,0,0,0.7
restates,0.0771,0.6672,0.562,0,0,0.7
restores,0.062,0.9618,0.9365,0,0,0.7
restoring,0.0663,0.8883,0.7541,0,0,0.7
restricted,0.3309,0.8479,0.6238,0,0,0.7
result,0.0185,0.5024,0.9725,0,0,0.7
resume,0.0434,0.7688,0.8323,0,0,0.7
retrospective,0.0288,0.2894,0.8437,0,0,0.7
retrospectives,0.1158,0.9471,0.5735,0,0,0.7
return,0.1341,0.5842,0.9215,0,0,0.7
reusable,0.0377,0.7498,0.8983,0,0,0.7
reuse,0.2228,0.8722,0.9572,0,0,0.7
Reveal,0.0265,0.3931,0.7442,0,0,0.7
revealing,0.0126,0.6119,0.8182,0,0,0.7
reveals,0.0135,0.5533,0.925,0,0,0.7
reverse,0.0575,0.8591,0.7361,0,0,0.7
reverses,0.0201,0.4089,0.6617,0,0,0.7
reversible,0.0373,0.8723,0.8351,0,0,0.7
reversibly,0.0348,0.876,0.5504,0,0,0.7
review,0.0704,0.7918,0.9411,0,0,0.7
reviewer,0.0578,0.7378,0.9011,0,0,0.7
reviewing,0.0216,0.9576,0.8639,0,0,0.7
Reviews,0.4686,0.7342,0.7906,0,0,0.7
revise,0.02,0.9232,0.9646,0,0,0.7
REVISION,0.274,0.7666,0.8405,0,0,0.7
rewarded,0.0097,0.5408,0.925,0,0,0.7
rework,0.0334,0.8546,0.8773,0,0,0.7
reworking,0.0263,0.8928,0.5762,0,0,0.7
rhythm,0.1019,0.6744,0.9362,0,0,0.7
Rhythms,0.3529,0.8384,0.4866,0,0,0.7
richer,0.0174,0.4117,0.7,0,0,0.7
right,0.0374,0.644,0.9754,0,0,0.7
Rights,0.1594,0.7234,0.7234,0,0,0.7
rigorous,0.0118,0.7926,0.582,0,0,0.7
rigorously,0.0197,0.8122,0.7457,0,0,0.7
rises,0.0176,0.5981,0.9147,0,0,0.7
Risk,0.0845,0.7011,0.8747,0,0,0.7
risks,0.0771,0.7913,0.8484,0,0,0.7
Roadmap,0.6337,0.9306,0.7255,0,0,0.7
roadmaps,0.3292,0.9026,0.5623,0,0,0.7
Role,0.2862,0.8248,0.8997,0,0,0.7
roles,0.2075,0.8638,0.6999,0,0,0.7
rolling,0.0983,0.6645,0.4849,0,0,0.7
room,0.5286,0.8313,0.9307,0,0,0.7
rotation,0.1324,0.9196,0.7316,0,0,0.7
rotations,0.1253,0.817,0.88,0,0,0.7
rough,0.0604,0.7712,0.9258,0,0,0.7
roughly,0.0079,0.3446,0.949,0,0,0.7
routine,0.0393,0.7904,0.9542,0,0,0.7
RPD,0.9435,0.8893,0.0572,0,0,0.7
RSAF,0.9016,0.8444,0.0295,0.8,0.8,0.1
Rule,0.1681,0.6797,0.8941,0,0,0.7
Rule62,,,,0,0,0.7
Rule63,,,,0,0,0.7
rules,0.2253,0.7907,0.6548,0,0,0.7
Run,0.0911,0.8438,0.9732,0,0,0.7
running,0.026,0.7898,0.9841,0,0,0.7
Runs,0.0539,0.8807,0.7998,0,0,0.7
rushes,0.02,0.3169,0.6273,0,0,0.7
s,0.1109,0.3084,0.4661,0,0,0.7
SaaS,0.19,0.7148,0.0931,0,0,0.7
SAF,0.8695,0.8473,0.0901,0.8,0.8,0.1
safe,0.0314,0.8394,0.943,0,0,0.7
safely,0.0164,0.6711,0.9164,0,0,0.7
safety,0.0593,0.8657,0.9648,0,0,0.7
said,0.0561,0.1677,0.9879,0,0,0.7
sake,0.0626,0.1141,0.4934,0,0,0.7
salience,0.0232,0.4439,0.4652,0,0,0.7
same,0.026,0.3471,0.9027,0,0,0.7
Sandbox,0.957,0.8698,0.415,0,0,0.7
Satisficing,0.1635,0.8097,0.3947,0,0,0.7
satisfies,0.0438,0.6537,0.8468,0,0,0.7
say,0.0186,0.7728,0.9785,0,0,0.7
says,0.118,0.193,0.7661,0,0,0.7
scaffolding,0.1002,0.9096,0.6019,0,0,0.7
scalability,0.1433,0.8069,0.4961,0,0,0.7
Scale,0.0473,0.8029,0.9315,0,0,0.7
Scale39,,,,0,0,0.7
Scaled,0.4502,0.9257,0.7091,0,0,0.7
scales,0.026,0.2169,0.827,0,0,0.7
SCALING,0.1382,0.9319,0.7417,0,0,0.7
scan,0.2693,0.9485,0.8791,0,0,0.7
scanning,0.2195,0.9721,0.747,0,0,0.7
scans,0.2236,0.9477,0.6888,0,0,0.7
Scenario,0.1547,0.7207,0.9071,0,0,0.7
scenarios,0.2129,0.6945,0.3085,0,0,0.7
Schedule,0.2601,0.8938,0.9084,0,0,0.7
Scheduled,0.0915,0.8798,0.922,0,0,0.7
Scheduling,0.1207,0.949,0.7494,0,0,0.7
schema,0.2988,0.6004,0.6404,0,0,0.7
schemas,0.1757,0.7803,0.3759,0,0,0.7
Scope,0.0505,0.7669,0.8932,0,0,0.7
Scope61,,,,0,0,0.7
scored,0.0457,0.7427,0.8322,0,0,0.7
Scout,0.0684,0.9208,0.923,0,0,0.7
screen,0.1725,0.5301,0.9647,0,0,0.7
screens,0.18,0.3603,0.7886,0,0,0.7
Scrum,0.8824,0.9564,0.1293,0,0,0.7
scrutiny,0.0216,0.7584,0.7405,0,0,0.7
searchable,0.036,0.9304,0.6285,0,0,0.7
second,0.1233,0.6305,0.9712,0,0,0.7
Secondary,0.1123,0.8132,0.9595,0,0,0.7
SECTION,0.6974,0.6077,0.8033,0,0,0.7
secure,0.1829,0.871,0.827,0,0,0.7
Security,0.1402,0.9003,0.8676,0,0,0.7
see,0.1118,0.4964,0.8974,0,0,0.7
seek,0.0126,0.8943,0.9761,0,0,0.7
seeking,0.0643,0.7789,0.8198,0,0,0.7
seem,0.0238,0.2304,0.944,0,0,0.7
seen,0.0311,0.2048,0.9123,0,0,0.7
Select,0.0679,0.787,0.9251,0,0,0.7
selected,0.232,0.3358,0.7431,0,0,0.7
selection,0.3776,0.7834,0.7926,0,0,0.7
selective,0.0209,0.7537,0.8786,0,0,0.7
selectively,0.0154,0.8372,0.7336,0,0,0.7
self,0.1536,0.8822,0.8859,0,0,0.7
Send,0.0461,0.8812,0.9902,0,0,0.7
senior,0.177,0.7645,0.9189,0,0,0.7
sense,0.0387,0.7988,0.9362,0,0,0.7
sensibility,0.0372,0.4808,0.649,0,0,0.7
sensitive,0.0583,0.5578,0.787,0,0,0.7
separate,0.0393,0.8166,0.9595,0,0,0.7
sequence,0.0623,0.6401,0.7592,0,0,0.7
sequences,0.1677,0.6943,0.3734,0,0,0.7
sequential,0.0266,0.9264,0.7742,0,0,0.7
serious,0.0128,0.6679,0.9746,0,0,0.7
serve,0.0808,0.8454,0.965,0,0,0.7
server,0.2753,0.8595,0.9683,0,0,0.7
serves,0.0599,0.7315,0.9312,0,0,0.7
Service,0.4476,0.6621,0.7895,0,0,0.7
Services,0.2438,0.7337,0.8379,0,0,0.7
session,0.2005,0.9293,0.7237,0,0,0.7
sessions,0.1015,0.6892,0.6754,0,0,0.7
set,0.4291,0.8297,0.7907,0,0,0.7
settings,0.163,0.4802,0.7041,0,0,0.7
settle,0.0234,0.689,0.9528,0,0,0.7
settles,0.0166,0.3812,0.8451,0,0,0.7
Setup,0.2162,0.9352,0.8239,0,0,0.7
several,0.0166,0.1002,0.9714,0,0,0.7
shadowing,0.0578,0.9586,0.4081,0,0,0.7
Shaped,0.5518,0.6514,0.3884,0,0,0.7
share,0.0422,0.8407,0.9696,0,0,0.7
Shared,0.1084,0.6702,0.9616,0,0,0.7
sharing,0.0824,0.9032,0.9297,0,0,0.7
sharpening,0.0419,0.843,0.4186,0,0,0.7
sharpest,0.0161,0.8246,0.8599,0,0,0.7
shatters,0.0383,0.4712,0.2646,0,0,0.7
Shift,0.0979,0.7763,0.9535,0,0,0.7
Shift54,,,,0,0,0.7
shifting,0.0706,0.8282,0.823,0,0,0.7
Shifts,0.0633,0.7919,0.8771,0,0,0.7
ship,0.1017,0.8615,0.9658,0,0,0.7
shipped,0.0502,0.8755,0.9423,0,0,0.7
shipping,0.0512,0.7512,0.8878,0,0,0.7
ships,0.0746,0.828,0.8279,0,0,0.7
Shock,0.3528,0.8068,0.7244,0,0,0.7
short,0.023,0.62,0.981,0,0,0.7
shortcut,0.0512,0.883,0.6907,0,0,0.7
shortcuts,0.0244,0.8625,0.8341,0,0,0.7
shorter,0.0223,0.7231,0.9784,0,0,0.7
Should,0.0579,0.6611,0.9647,0,0,0.7
show,0.0147,0.3645,0.9774,0,0,0.7
shows,0.2801,0.453,0.8605,0,0,0.7
Side,0.0326,0.597,0.9538,0,0,0.7
sides,0.0269,0.3896,0.8025,0,0,0.7
sight,0.0158,0.3719,0.9251,0,0,0.7
sign,0.0366,0.7737,0.9683,0,0,0.7
Signal,0.218,0.4021,0.8092,0,0,0.7
signals,0.0247,0.7674,0.892,0,0,0.7
signature,0.1081,0.8118,0.3494,0,0,0.7
signed,0.0889,0.7765,0.9394,0,0,0.7
significant,0.0224,0.5045,0.9216,0,0,0.7
significantly,0.042,0.6624,0.9051,0,0,0.7
Signs,0.0509,0.398,0.8978,0,0,0.7
Silent,0.1229,0.84,0.8795,0,0,0.7
silently,0.014,0.6756,0.7061,0,0,0.7
similar,0.0214,0.4189,0.9043,0,0,0.7
simplify,0.0252,0.8833,0.9673,0,0,0.7
simply,0.0131,0.1223,0.9612,0,0,0.7
simulate,0.0405,0.889,0.8811,0,0,0.7
simulates,0.0467,0.8983,0.8464,0,0,0.7
simulating,0.0117,0.9287,0.8136,0,0,0.7
Simulation,0.0839,0.8491,0.6414,0,0,0.7
simultaneously,0.0178,0.7551,0.8312,0,0,0.7
Singapore,0.9371,0.9138,0.1849,0,0,0.7
single,0.2154,0.7249,0.9277,0,0,0.7
sirens,0.2046,0.8111,0.4406,0,0,0.7
site,0.1788,0.4384,0.8358,0,0,0.7
situation,0.5236,0.7374,0.8248,0,0,0.7
situational,0.2783,0.874,0.7349,0,0,0.7
Six,0.1188,0.2564,0.9836,0,0,0.7
Size,0.1524,0.7943,0.9555,0,0,0.7
SK,0.8962,0.8117,0.0693,0.8,0.8,0.1
skill,0.0217,0.5905,0.9276,0,0,0.7
Skills,0.183,0.7586,0.9001,0,0,0.7
skillset,0.0592,0.802,0.6426,0,0,0.7
skip,0.0226,0.7752,0.9085,0,0,0.7
skipped,0.0197,0.7335,0.3025,0,0,0.7
slow,0.0572,0.7139,0.9729,0,0,0.7
slower,0.0415,0.8392,0.9695,0,0,0.7
slows,0.0132,0.8558,0.8964,0,0,0.7
small,0.0866,0.7537,0.9817,0,0,0.7
smaller,0.0505,0.7985,0.9489,0,0,0.7
snap,0.0541,0.6546,0.6574,0,0,0.7
so,,,,0,0,0.7
Software,0.2215,0.8491,0.6708,0,0,0.7
soldier,0.4008,0.8381,0.9385,0,0,0.7
solo,0.0406,0.5874,0.9116,0,0,0.7
Solution,0.509,0.7738,0.8416,0,0,0.7
solutions,0.0755,0.8046,0.7274,0,0,0.7
solve,0.0291,0.316,0.9263,0,0,0.7
solved,0.0369,0.6103,0.9485,0,0,0.7
solves,0.0333,0.8782,0.9602,0,0,0.7
solving,0.0215,0.9467,0.9056,0,0,0.7
some,0.0169,0.3587,0.9489,0,0,0.7
someone,0.0206,0.3523,0.9599,0,0,0.7
something,0.0339,0.3892,0.2797,0,0,0.7
sometimes,0.0115,0.2078,0.98,0,0,0.7
sooner,0.0185,0.7521,0.7328,0,0,0.7
sound,0.0494,0.8973,0.7523,0,0,0.7
soundness,0.0654,0.9003,0.5846,0,0,0.7
source,0.2857,0.7518,0.9143,0,0,0.7
Sources,0.1743,0.4883,0.9421,0,0,0.7
spacing,0.0752,0.2788,0.7754,0,0,0.7
speaking,0.0208,0.908,0.9628,0,0,0.7
spec,0.2602,0.7697,0.5694,0,0,0.7
specialised,0.0689,0.737,0.3617,0,0,0.7
specialist,0.0357,0.3666,0.7744,0,0,0.7
specifically,0.1134,0.4964,0.8935,0,0,0.7
specification,0.1423,0.6751,0.5335,0,0,0.7
specifications,0.2456,0.807,0.3761,0,0,0.7
specified,0.2282,0.5897,0.4794,0,0,0.7
specify,0.0142,0.6733,0.7818,0,0,0.7
specs,0.1508,0.5043,0.3861,0,0,0.7
spectacularly,0.0205,0.3982,0.3747,0,0,0.7
speculation,0.018,0.1095,0.5853,0,0,0.7
Speed,0.1575,0.7808,0.9865,0,0,0.7
spend,0.0197,0.8749,0.9737,0,0,0.7
spent,0.0161,0.7681,0.9539,0,0,0.7
Spoon,0.0601,0.7306,0.9888,0,0,0.7
spot,0.0165,0.8903,0.9219,0,0,0.7
Spring,0.1264,0.8567,0.9689,0,0,0.7
Sprint,0.4101,0.967,0.6035,0,0,0.7
Sprints,0.6547,0.9604,0.4365,0,0,0.7
SQUAD,0.4459,0.8345,0.4566,0,0,0.7
squadron,0.1839,0.8104,0.6909,0,0.8,0.1
squads,0.8226,0.8478,0.3174,0,0,0.7
squanders,0.0219,0.7281,0.6525,0,0,0.7
Stabilise,0.0363,0.8566,0.8959,0,0,0.7
stability,0.0952,0.8685,0.9526,0,0,0.7
stabilization,0.1388,0.9468,0.7178,0,0,0.7
stack,0.6183,0.8082,0.763,0,0,0.7
stacks,0.3422,0.851,0.5094,0,0,0.7
Stage,0.1646,0.4353,0.6583,0,0,0.7
stages,0.0539,0.8091,0.8346,0,0,0.7
Staggered,0.052,0.8704,0.8378,0,0,0.7
stakes,0.019,0.6239,0.8738,0,0,0.7
stall,0.0246,0.7689,0.9113,0,0,0.7
stalled,0.0379,0.8319,0.7041,0,0,0.7
stance,0.1336,0.8816,0.5403,0,0,0.7
Stand,0.4338,0.9348,0.9607,0,0,0.7
standalone,0.0848,0.6412,0.786,0,0,0.7
Standard,0.5815,0.6037,0.7763,0,0,0.7
Standard65,,,,0,0,0.7
Standby,0.0882,0.5686,0.9439,0,0,0.7
Standing,0.3878,0.7239,0.9755,0,0,0.7
stands,0.6553,0.4611,0.7983,0,0,0.7
standup,0.4388,0.9582,0.6339,0,0,0.7
Start,0.0718,0.6953,0.9458,0,0,0.7
Starting,0.0247,0.7781,0.9598,0,0,0.7
starts,0.031,0.7392,0.7705,0,0,0.7
state,0.1813,0.7679,0.5086,0,0,0.7
Statelessness,0.2113,0.897,0.1858,0,0,0.7
states,0.2396,0.5533,0.4697,0,0,0.7
stating,0.027,0.9155,0.8037,0,0,0.7
Status,0.5732,0.751,0.8919,0,0,0.7
Status51,,,,0,0,0.7
stays,0.0328,0.4742,0.8481,0,0,0.7
steady,0.0336,0.526,0.9561,0,0,0.7
steer,0.0416,0.9156,0.8732,0,0,0.7
step,0.0767,0.792,0.964,0,0,0.7
steps,0.025,0.9309,0.9612,0,0,0.7
still,0.0348,0.666,0.9661,0,0,0.7
stop,0.0172,0.574,0.9823,0,0,0.7
storming,0.0364,0.8807,0.9314,0,0,0.7
strategically,0.0137,0.7144,0.7314,0,0,0.7
STRATEGY,0.0542,0.8325,0.8913,0,0,0.7
STRATEGY9,0.6214,0.5855,0.1066,0,0,0.7
stream,0.2157,0.791,0.8677,0,0,0.7
Strength,0.0384,0.7575,0.941,0,0,0.7
Strength54,,,,0,0,0.7
Strengthen,0.062,0.9016,0.9819,0,0,0.7
Stress,0.0664,0.6337,0.9772,0,0,0.7
stronger,0.0223,0.6337,0.9792,0,0,0.7
strongest,0.0189,0.95,0.9381,0,0,0.7
strongly,0.0236,0.3479,0.9455,0,0,0.7
structural,0.0395,0.8569,0.6982,0,0,0.7
structure,0.2857,0.8548,0.9058,0,0,0.7
Structured,0.0279,0.834,0.7675,0,0,0.7
style,0.2029,0.7936,0.8706,0,0,0.7
styling,0.0389,0.7702,0.8734,0,0,0.7
subject,0.0873,0.2562,0.7919,0,0,0.7
suboptimal,0.0088,0.5955,0.7246,0,0,0.7
subordinates,0.0462,0.6816,0.9165,0,0,0.7
Subsea,0.1915,0.8325,0.1077,0,0,0.7
subsection,0.127,0.6609,0.628,0,0,0.7
subsequent,0.0164,0.7687,0.9332,0,0,0.7
substitutes,0.0168,0.6137,0.6857,0,0,0.7
succeed,0.017,0.7561,0.9536,0,0,0.7
success,0.0663,0.8814,0.9561,0,0,0.7
such,0.0212,0.5531,0.9702,0,0,0.7
suffice,0.025,0.3791,0.9067,0,0,0.7
sufficient,0.0137,0.7785,0.9379,0,0,0.7
sufficiently,0.0242,0.3834,0.7306,0,0,0.7
suit,0.0507,0.6686,0.7202,0,0,0.7
suits,0.0202,0.2577,0.9585,0,0,0.7
sum,0.0576,0.5671,0.9717,0,0,0.7
summarizing,0.0521,0.9179,0.6346,0,0,0.7
Summary,0.3615,0.3849,0.8165,0,0,0.7
superficial,0.0087,0.3101,0.9014,0,0,0.7
supervisor,0.121,0.6866,0.8864,0,0,0.7
supplementary,0.2402,0.115,0.7212,0,0,0.7
Supply,0.4852,0.6956,0.8141,0,0,0.7
Supply42,,,,0,0,0.7
support,0.2299,0.6348,0.9508,0,0,0.7
suppresses,0.0297,0.7256,0.8541,0,0,0.7
surface,0.0244,0.7766,0.9414,0,0,0.7
surfaced,0.0271,0.4402,0.5822,0,0,0.7
surfaces,0.0797,0.5947,0.68,0,0,0.7
SURGE,0.4854,0.8664,0.4975,0,0,0.7
surprises,0.0211,0.4976,0.781,0,0,0.7
survive,0.0628,0.8014,0.9612,0,0,0.7
survives,0.1121,0.7094,0.8517,0,0,0.7
suspends,0.1067,0.9125,0.9356,0,0,0.7
sustain,0.0241,0.6692,0.9428,0,0,0.7
sustainability,0.1178,0.7209,0.3808,0,0,0.7
sustained,0.0276,0.7962,0.9159,0,0,0.7
SWE,0.2975,0.6175,0.1406,0,0,0.7
SwiftOffice,0.928,0.7064,0.0556,0.8,0.8,0.1
switches,0.0329,0.741,0.8903,0,0,0.7
Switching,0.0621,0.7893,0.6372,0,0,0.7
Sync,0.0678,0.923,0.9167,0,0,0.7
syntax,0.1178,0.7143,0.4212,0,0,0.7
Synthesis,0.1371,0.5776,0.7435,0,0,0.7
synthesised,0.0392,0.8425,0.5153,0,0,0.7
Synthesize,0.0228,0.8916,0.8558,0,0,0.7
System,0.4976,0.7226,0.8193,0,0,0.7
systematically,0.0105,0.8897,0.6978,0,0,0.7
systemic,0.0695,0.8213,0.5832,0,0,0.7
systems,0.1572,0.8954,0.7267,0,0,0.7
T,0.2655,0.5555,0.6203,0,0,0.7
T1,0.5227,0.4813,0.0989,0,0,0.7
T10,0.4228,0.8484,0.0449,0,0,0.7
T11,0.4419,0.4445,0.0533,0,0,0.7
T12,0.252,0.2182,0.0737,0,0,0.7
T13,0.3599,0.6484,0.0504,0,0,0.7
T2,0.57,0.5806,0.0662,0,0,0.7
T3,0.2977,0.7394,0.0522,0,0,0.7
T4,0.4341,0.6644,0.0333,0,0,0.7
T5,0.6027,0.4207,0.0412,0,0,0.7
T6,0.5934,0.7755,0.039,0,0,0.7
T7,0.3931,0.7048,0.0349,0,0,0.7
T8,0.5158,0.5139,0.0309,0,0,0.7
T9,0.4653,0.6391,0.0206,0,0,0.7
TABLE,0.5911,0.5277,0.9809,0,0,0.7
tacit,0.0216,0.238,0.5927,0,0,0.7
Tactic,0.5284,0.9039,0.3806,0,0,0.7
Tactic10,,,,0,0,0.7
Tactic39,,,,0,0,0.7
tactical,0.048,0.9328,0.6775,0,0,0.7
Tactics,0.193,0.9052,0.601,0,0,0.7
TACTICS31,0.4095,0.5717,0.0415,0,0,0.7
Tactics7,,,,0,0,0.7
tagged,0.7188,0.7288,0.305,0,0,0.7
Tagging,0.3496,0.8043,0.1501,0,0,0.7
Tagging49,,,,0,0,0.7
Take,0.0438,0.7159,0.9856,0,0,0.7
taken,0.0263,0.8045,0.9267,0,0,0.7
takes,0.026,0.7163,0.9657,0,0,0.7
taking,0.019,0.7724,0.8833,0,0,0.7
talking,0.0126,0.3761,0.9831,0,0,0.7
Tan,0.8546,0.1975,0.6743,0,0,0.7
Tap,0.4394,0.8478,0.8818,0,0,0.7
tapped,0.0884,0.8594,0.897,0,0,0.7
tapping,0.0537,0.8855,0.8238,0,0,0.7
Target,0.5493,0.8755,0.3943,0,0,0.7
Target44,,,,0,0,0.7
targeting,0.043,0.7559,0.7981,0,0,0.7
targets,0.3876,0.7655,0.656,0,0,0.7
Task,0.2329,0.9082,0.8357,0,0,0.7
Tasks,0.3703,0.8543,0.7415,0,0,0.7
Taste,0.0202,0.2707,0.9731,0,0,0.7
Teach,0.0634,0.6927,0.9483,0,0,0.7
teachable,0.0214,0.7625,0.5869,0,0,0.7
Team,0.8852,0.7633,0.9393,0,0,0.7
teammate,0.035,0.6457,0.8027,0,0,0.7
teammates,0.0281,0.7116,0.798,0,0,0.7
Teams,0.1574,0.9172,0.8076,0,0,0.7
teamwork,0.019,0.9471,0.9652,0,0,0.7
Tech,0.2219,0.7285,0.4562,0,0,0.7
technical,0.0966,0.7826,0.5683,0,0,0.7
Technique,0.8766,0.8306,0.485,0,0,0.7
Techniques,0.3514,0.774,0.6055,0,0,0.7
technologies,0.0147,0.8343,0.7644,0,0,0.7
technology,0.0227,0.8198,0.9082,0,0,0.7
telepathy,0.0154,0.3896,0.1072,0,0,0.7
tell,0.0204,0.4683,0.9589,0,0,0.7
temperament,0.0834,0.7644,0.5992,0,0,0.7
templates,0.1249,0.8698,0.4633,0,0,0.7
tempo,0.0921,0.9257,0.756,0,0,0.7
Temporal,0.4244,0.7004,0.384,0,0,0.7
temporary,0.0256,0.6677,0.9715,0,0,0.7
tenant,0.9222,0.8641,0.3156,0,0,0.7
tends,0.0164,0.453,0.9236,0,0,0.7
Term,0.0613,0.0736,0.4345,0,0,0.7
terminated,0.0326,0.8233,0.8834,0,0,0.7
Terms,0.2432,0.6997,0.7711,0,0,0.7
Terms7,,,,0,0,0.7
territory,0.0284,0.6316,0.2902,0,0,0.7
Test,0.1955,0.8859,0.9158,0,0,0.7
Testing,0.0776,0.861,0.8097,0,0,0.7
tests,0.0967,0.8737,0.8402,0,0,0.7
Than,,,,0,0,0.7
That,,,,0,0,0.7
the,,,,0,0,0.7
Their,,,,0,0,0.7
them,,,,0,0,0.7
themselves,0.0427,0.3264,0.9598,0,0,0.7
then,,,,0,0,0.7
Theory,0.2743,0.427,0.7169,0,0,0.7
there,,,,0,0,0.7
therefore,0.0209,0.4708,0.9841,0,0,0.7
these,,,,0,0,0.7
They,,,,0,0,0.7
thing,0.0492,0.5253,0.8495,0,0,0.7
things,0.0243,0.4068,0.9107,0,0,0.7
Think,0.0214,0.8112,0.9879,0,0,0.7
thinking,0.0456,0.7094,0.9031,0,0,0.7
Thinks,0.2895,0.5808,0.9019,0,0,0.7
this,,,,0,0,0.7
thoroughness,0.0162,0.6828,0.7761,0,0,0.7
Those,,,,0,0,0.7
though,0.0325,0.3611,0.981,0,0,0.7
thousand,0.0441,0.2106,0.8128,0,0,0.7
Three,0.3306,0.5313,0.9505,0,0,0.7
Through,,,,0,0,0.7
throughput,0.0564,0.9477,0.6213,0,0,0.7
thumb,0.0302,0.3062,0.839,0,0,0.7
ticket,0.1751,0.822,0.924,0,0,0.7
ticketing,0.2051,0.8156,0.3828,0,0,0.7
ticking,0.0113,0.8102,0.6688,0,0,0.7
Tier,0.1277,0.5055,0.7773,0,0,0.7
tiering,0.21,0.9264,0.3128,0,0,0.7
Tiers,0.4286,0.9133,0.4299,0,0,0.7
tight,0.1185,0.8437,0.8707,0,0,0.7
Tighten,0.0388,0.9246,0.893,0,0,0.7
tightened,0.0166,0.8807,0.9064,0,0,0.7
tighter,0.0214,0.7767,0.859,0,0,0.7
Time,0.0713,0.7778,0.9748,0,0,0.7
Timeline,0.7042,0.9179,0.8322,0,0,0.7
Timeline50,,,,0,0,0.7
Timing,0.1992,0.6709,0.9259,0,0,0.7
Tit,0.6893,0.1555,0.1912,0,0,0.7
to,,,,0,0,0.7
today,0.0232,0.7338,0.9772,0,0,0.7
together,0.0453,0.7343,0.9285,0,0,0.7
Token,0.4771,0.7759,0.2827,0,0,0.7
told,0.0103,0.4855,0.937,0,0,0.7
tolerance,0.1173,0.9133,0.9421,0,0,0.7
tolerated,0.0286,0.5723,0.8266,0,0,0.7
tomorrow,0.0101,0.4958,0.984,0,0,0.7
Too,,,,0,0,0.7
tool,0.2439,0.8124,0.6047,0,0,0.7
toolchain,0.3258,0.9128,0.1823,0,0,0.7
tooling,0.0379,0.8972,0.2182,0,0,0.7
Tools,0.1061,0.593,0.8712,0,0,0.7
Top,0.1096,0.6208,0.9658,0,0,0.7
topic,0.0961,0.7433,0.9079,0,0,0.7
total,0.4566,0.7533,0.9425,0,0,0.7
touching,0.0426,0.7812,0.8656,0,0,0.7
toward,0.0146,0.6076,0.957,0,0,0.7
TQ,0.8012,0.8399,0.037,0,0,0.7
Traceability,0.1274,0.796,0.2416,0,0,0.7
tracing,0.0219,0.6917,0.4789,0,0,0.7
track,0.073,0.8755,0.9305,0,0,0.7
tracking,0.1934,0.8016,0.5779,0,0,0.7
tracks,0.1398,0.7257,0.8729,0,0,0.7
Trade,0.0552,0.6744,0.9001,0,0,0.7
traded,0.0209,0.7918,0.867,0,0,0.7
Tradeoffs,0.1314,0.4918,0.5909,0,0,0.7
traditional,0.0966,0.624,0.9686,0,0,0.7
train,0.0243,0.8887,0.9694,0,0,0.7
trained,0.2291,0.5401,0.8561,0,0,0.7
Trainee,0.1331,0.838,0.3843,0,0,0.7
Training,0.0746,0.9233,0.9414,0,0,0.7
transfer,0.0337,0.4439,0.8531,0,0,0.7
transfers,0.0301,0.721,0.7842,0,0,0.7
transformations,0.1582,0.7923,0.4472,0,0,0.7
transforms,0.0576,0.9025,0.8608,0,0,0.7
TRANSITION,0.0742,0.784,0.7018,0,0,0.7
transitions,0.0586,0.7994,0.3426,0,0,0.7
translator,0.0729,0.807,0.4287,0,0,0.7
transmission,0.0342,0.8619,0.8569,0,0,0.7
transmit,0.015,0.8184,0.9048,0,0,0.7
transmitted,0.0357,0.8196,0.8226,0,0,0.7
Treat,0.0504,0.8841,0.9737,0,0,0.7
treated,0.031,0.7168,0.9567,0,0,0.7
treating,0.0113,0.8091,0.9439,0,0,0.7
treats,0.0801,0.8129,0.9585,0,0,0.7
tree,0.1709,0.4624,0.8755,0,0,0.7
triaged,0.0312,0.8691,0.6038,0,0,0.7
tried,0.0147,0.8934,0.9453,0,0,0.7
tries,0.211,0.4608,0.3082,0,0,0.7
Trigger,0.4251,0.9011,0.6546,0,0,0.7
triggers,0.1293,0.8798,0.6544,0,0,0.7
trivial,0.0214,0.2775,0.9056,0,0,0.7
TRUE,0.0255,0.5158,0.8134,0,0,0.7
trust,0.0144,0.7347,0.9892,0,0,0.7
trusting,0.0235,0.3966,0.8636,0,0,0.7
trustworthy,0.0804,0.7935,0.8856,0,0,0.7
truth,0.0671,0.6794,0.8949,0,0,0.7
truths,0.0898,0.1568,0.5469,0,0,0.7
try,0.0145,0.6845,0.9655,0,0,0.7
trying,0.0338,0.6873,0.7996,0,0,0.7
TTP,0.7384,0.864,0.2513,0,0,0.7
TTPs,0.5006,0.9275,0.1733,0,0,0.7
turn,0.0742,0.817,0.9511,0,0,0.7
turnaround,0.1211,0.883,0.7012,0,0,0.7
turns,0.0569,0.7811,0.8858,0,0,0.7
twice,0.018,0.5208,0.9076,0,0,0.7
twin,0.0268,0.2816,0.7577,0,0,0.7
two,0.0739,0.4831,0.8966,0,0,0.7
Type,0.0756,0.2909,0.8114,0,0,0.7
Typical,0.0137,0.3773,0.9833,0,0,0.7
typically,0.0753,0.7817,0.9727,0,0,0.7
UAS,0.6514,0.9106,0.1055,0,0,0.7
UI,0.1413,0.8006,0.6744,0,0,0.7
Ultradian,0.2125,0.9211,0.1226,0,0,0.7
unacceptable,0.0178,0.329,0.7762,0,0,0.7
unapproved,0.1102,0.6639,0.196,0,0,0.7
unavailable,0.1126,0.5929,0.4849,0,0,0.7
Unbounded,0.2199,0.6291,0.2936,0,0,0.7
uncertain,0.0138,0.2828,0.8834,0,0,0.7
uncertainties,0.0362,0.6307,0.6343,0,0,0.7
Uncertainty,0.091,0.7305,0.7749,0,0,0.7
Uncertainty40,,,,0,0,0.7
uncomfortable,0.0111,0.1273,0.9649,0,0,0.7
undecided,0.0136,0.2759,0.6405,0,0,0.7
Under,0.1211,0.3786,0.9056,0,0,0.7
underdeveloped,0.0394,0.7559,0.9095,0,0,0.7
underestimate,0.0178,0.8384,0.8451,0,0,0.7
underestimating,0.0294,0.8816,0.8766,0,0,0.7
undermine,0.0372,0.8852,0.8948,0,0,0.7
understand,0.0226,0.905,0.9687,0,0,0.7
understanding,0.0395,0.4115,0.9242,0,0,0.7
understands,0.0193,0.6356,0.9478,0,0,0.7
unfamiliar,0.0146,0.596,0.7189,0,0,0.7
unforeseen,0.0332,0.6474,0.4702,0,0,0.7
uniformed,0.159,0.1642,0.6851,0,0,0.7
uniformity,0.023,0.4909,0.6524,0,0,0.7
unilaterally,0.0132,0.855,0.6417,0,0,0.7
unit,0.2705,0.7909,0.7409,0,0,0.7
unknown,0.0646,0.1472,0.1699,0,0,0.7
unknowns,0.1928,0.7906,0.1024,0,0,0.7
unless,0.0366,0.5817,0.9602,0,0,0.7
unlikely,0.0431,0.2407,0.7081,0,0,0.7
unnecessary,0.0126,0.5107,0.9115,0,0,0.7
unpack,0.0816,0.9174,0.7453,0,0,0.7
unpredictable,0.0114,0.7341,0.7582,0,0,0.7
unreachable,0.1243,0.6011,0.2122,0,0,0.7
unremarkable,0.0149,0.1055,0.8516,0,0,0.7
unresolved,0.0553,0.2187,0.2411,0,0,0.7
Unrestricted,0.0419,0.3222,0.5881,0,0,0.7
unsafe,0.2052,0.4517,0.6793,0,0,0.7
unsupervised,0.0782,0.8048,0.3816,0,0,0.7
unsure,0.045,0.3474,0.6069,0,0,0.7
untested,0.0179,0.6853,0.2104,0,0,0.7
until,0.0194,0.6221,0.9612,0,0,0.7
up,0.0832,0.6104,0.9248,0,0,0.7
update,0.0119,0.8757,0.985,0,0,0.7
updated,0.0195,0.9089,0.8897,0,0,0.7
updates,0.0419,0.9648,0.8578,0,0,0.7
upfront,0.031,0.7023,0.7838,0,0,0.7
upgrades,0.0556,0.7456,0.4693,0,0,0.7
uploaded,0.1443,0.8163,0.6572,0,0,0.7
upon,0.0807,0.7949,0.888,0,0,0.7
upward,0.0362,0.7605,0.677,0,0,0.7
urgent,0.0508,0.841,0.967,0,0,0.7
urgently,0.0162,0.8072,0.8883,0,0,0.7
USA,0.821,0.4558,0.2011,0,0,0.7
Usage,0.0838,0.8057,0.8575,0,0,0.7
Use,0.0411,0.7694,0.9776,0,0,0.7
used,0.0783,0.7266,0.9839,0,0,0.7
useful,0.0267,0.2777,0.9721,0,0,0.7
uselessly,0.0108,0.2239,0.5709,0,0,0.7
user,0.1831,0.6613,0.9335,0,0,0.7
users,0.0631,0.8057,0.914,0,0,0.7
uses,0.2714,0.7391,0.9463,0,0,0.7
using,0.0781,0.785,0.942,0,0,0.7
utilities,0.1238,0.7643,0.6664,0,0,0.7
UX,0.2719,0.9108,0.4337,0,0,0.7
v,0.4186,0.6187,0.2413,0,0,0.7
v1,,,,0,0,0.7
vague,0.0274,0.1409,0.9447,0,0,0.7
valid,0.0415,0.5849,0.894,0,0,0.7
validate,0.0485,0.8599,0.8638,0,0,0.7
validated,0.0409,0.5416,0.7264,0,0,0.7
validating,0.0186,0.8387,0.6452,0,0,0.7
validation,0.1215,0.9157,0.8098,0,0,0.7
Valuable,0.0198,0.6916,0.8834,0,0,0.7
value,0.1396,0.5503,0.707,0,0,0.7
Variability,0.1065,0.4883,0.8392,0,0,0.7
variable,0.1829,0.1861,0.6366,0,0,0.7
variables,0.1536,0.6924,0.936,0,0,0.7
Varies,0.1012,0.4723,0.539,0,0,0.7
Varyed,0.0387,0.6514,0.8589,0,0,0.7
ve,0.1127,0.1464,0.3242,0,0,0.7
vectors,0.0772,0.8149,0.3938,0,0,0.7
velocity,0.1128,0.8874,0.8393,0,0,0.7
Verification,0.8274,0.8648,0.6391,0,0,0.7
verified,0.039,0.825,0.8805,0,0,0.7
Version,0.1649,0.6763,0.7666,0,0,0.7
versioned,0.053,0.8501,0.3699,0,0,0.7
very,0.0239,0.2424,0.9441,0,0,0.7
via,0.0454,0.7893,0.9013,0,0,0.7
Viable,0.3481,0.736,0.7818,0,0,0.7
violate,0.1213,0.8691,0.905,0,0,0.7
violated,0.0971,0.6464,0.621,0,0,0.7
violations,0.129,0.7048,0.5055,0,0,0.7
visible,0.1222,0.474,0.8866,0,0,0.7
visibly,0.0125,0.7922,0.8693,0,0,0.7
visit,0.0945,0.9132,0.9674,0,0,0.7
visits,0.0838,0.8949,0.915,0,0,0.7
visual,0.1001,0.7533,0.8414,0,0,0.7
voiced,0.0093,0.7249,0.8825,0,0,0.7
volume,0.1157,0.6451,0.9532,0,0,0.7
voting,0.0301,0.9117,0.786,0,0,0.7
vs,0.2113,0.7644,0.4679,0,0,0.7
VUCA,0.5142,0.8307,0.0535,0,0,0.7
wait,0.0173,0.842,0.9869,0,0,0.7
waiting,0.022,0.8087,0.9644,0,0,0.7
want,0.0247,0.5659,0.967,0,0,0.7
war,0.0092,0.8105,0.9886,0,0.8,0.1
warfare,0.0331,0.924,0.7235,0,0.8,0.1
Warfighter,0.6725,0.8766,0.1092,0,0.8,0.1
warfighters,0.1708,0.7568,0.1727,0,0.8,0.1
warfighting,0.2801,0.8681,0.0861,0,0.8,0.1
Warning,0.0382,0.3777,0.9365,0,0,0.7
Wartime,0.1159,0.8966,0.8917,0,0.8,0.1
was,,,,0,0,0.7
waste,0.013,0.704,0.9696,0,0,0.7
wasted,0.0107,0.7111,0.9707,0,0,0.7
wastes,0.0231,0.5543,0.8868,0,0,0.7
waterfall,0.6473,0.6645,0.6359,0,0,0.7
Wave,0.0909,0.6226,0.8655,0,0,0.7
Wave56,,,,0,0,0.7
waves,0.1197,0.3478,0.9155,0,0,0.7
way,0.0398,0.4429,0.7539,0,0,0.7
ways,0.0186,0.8925,0.6905,0,0,0.7
We,,,,0,0,0.7
weak,0.0184,0.4635,0.9795,0,0,0.7
weakness,0.0142,0.3038,0.9806,0,0,0.7
weather,0.0605,0.7255,0.9675,0,0,0.7
Web,0.4667,0.8447,0.8781,0,0,0.7
week,0.0465,0.5094,0.9225,0,0,0.7
weekly,0.1656,0.9029,0.9564,0,0,0.7
Weeks,0.0344,0.7936,0.9187,0,0,0.7
well,0.0547,0.3476,0.943,0,0,0.7
went,0.0223,0.6563,0.9768,0,0,0.7
were,,,,0,0,0.7
What,,,,0,0,0.7
whatever,0.059,0.2946,0.3729,0,0,0.7
When,,,,0,0,0.7
whenever,0.0355,0.7605,0.7982,0,0,0.7
Where,,,,0,0,0.7
whether,0.0128,0.5684,0.9469,0,0,0.7
Which,,,,0,0,0.7
whichever,0.0165,0.3886,0.9002,0,0,0.7
While,,,,0,0,0.7
who,,,,0,0,0.7
whole,0.0584,0.3747,0.955,0,0,0.7
whom,,,,0,0,0.7
Why,,,,0,0,0.7
widen,0.0202,0.5508,0.7997,0,0,0.7
widens,0.0183,0.2803,0.7249,0,0,0.7
will,,,,0,0,0.7
willing,0.0096,0.7233,0.9565,0,0,0.7
willingness,0.0155,0.7357,0.9038,0,0,0.7
WIN,0.0446,0.6704,0.8996,0,0,0.7
window,0.0863,0.8703,0.9356,0,0,0.7
windows,0.7671,0.3258,0.5659,0,0,0.7
wins,0.0283,0.6916,0.9008,0,0,0.7
with,,,,0,0,0.7
Within,0.1371,0.5631,0.9204,0,0,0.7
Without,0.0243,0.6093,0.9803,0,0,0.7
won,0.055,0.2412,0.8358,0,0,0.7
wording,0.0251,0.2179,0.9253,0,0,0.7
words,0.0451,0.382,0.9163,0,0,0.7
Work,0.0687,0.752,0.9757,0,0,0.7
Work30,,,,0,0,0.7
Workaround,0.2484,0.9296,0.783,0,0,0.7
worked,0.0442,0.568,0.9731,0,0,0.7
workflow,0.1219,0.9277,0.8483,0,0,0.7
workflows,0.0833,0.9502,0.5854,0,0,0.7
working,0.0538,0.8276,0.9713,0,0,0.7
workload,0.0633,0.7869,0.8451,0,0,0.7
workloads,0.2494,0.7583,0.7187,0,0,0.7
works,0.0429,0.309,0.8865,0,0,0.7
world,0.0698,0.3552,0.9784,0,0,0.7
worse,0.0235,0.207,0.9838,0,0,0.7
worst,0.0401,0.3931,0.9684,0,0,0.7
worth,0.0389,0.2573,0.929,0,0,0.7
would,0.0197,0.5928,0.9563,0,0,0.7
write,0.0854,0.3651,0.9749,0,0,0.7
writing,0.0328,0.8365,0.9506,0,0,0.7
written,0.0988,0.6983,0.9486,0,0,0.7
Wrong,0.0289,0.4149,0.8624,0,0,0.7
wrote,0.0285,0.7905,0.984,0,0,0.7
X,0.3196,0.4454,0.5469,0,0,0.7
x1,,,,0,0,0.7
x2,,,,0,0,0.7
x3,,,,0,0,0.7
XBD,0.6211,0.3986,0.0207,0,0.8,0.1
XWB,0.4638,0.1866,0.0316,0,0.8,0.1
XWB24,0.4675,0.7783,0.0158,0,0.8,0.1
Y,0.1506,0.2925,0.3427,0,0,0.7
year,0.0366,0.4291,0.9558,0,0,0.7
years,0.0187,0.4714,0.975,0,0,0.7
Yee,0.8049,0.1589,0.1988,0.8,0,0.1
Yellow,0.0512,0.3496,0.9873,0,0,0.7
yes,0.1124,0.4095,0.917,0,0,0.7
yet,0.0205,0.397,0.9607,0,0,0.7
You,,,,0,0,0
your,,,,0,0,0
yours,,,,0,0,0
zero,0.2081,0.6006,0.8995,0,0,0.7